Affiliation,Archaeology Index,Notes
"""Emil Racoviţă"" Institute of Speleology, 010986 Bucharest 12, Romania",0.50,
"""Emil Racoviţă"" Institute of Speleology, Cluj Branch, 400006 Cluj, Romania",0.50,
\N,0.50,
"“Vasile Pârvan” Institute of Archaeology, 010667 Bucharest, Romania",1.00,
"23rd Ephorate of Prehistoric and Classical Antiquities, Herakleion, 71202, Crete",1.00,
"26th Ephorate of Prehistoric and Classical Antiquities, Greek Ministry of Culture, Piraeus, 13536, Greece",1.00,
"A.Kh. Margulan Institute of Archaeology, Almaty 050010, Kazakhstan",1.00,
"Aarhus University, Aarhus, Denmark",0.50,
"Abteilung Madrid, Deutsches Archaeologisches Institut, E-28002 Madrid, Spain",1.00,
"Afrosiab Museum, Samarkand 140151, Uzbekistan",1.00,
"Aktobe Regional Historical Museum, Aktobe 030006, Kazakhstan",1.00,
"Al Akhawayn University in Ifrane (AUI), School of Science and Engineering, Ifrane 53000, Morocco",0.25,
"Albion Archaeology, Bedford, MK42 0AS, UK",1.00,
"Al-Farabi Kazakh National University, Almaty 050040, Kazakhstan",0.50,
"Allen Institute for Brain Science, Seattle, Washington 98103, USA",0.75,
"Altai State University, Barnaul, RU-656049, Russia",0.50,
"Altius Institute for Biomedical Sciences, Seattle, 98121, Washington, USA",0.75,
"Amgen, 33 Kazantzaki Str, Ilioupolis 16342, Athens, Greece (T.L.)",0.00,
"ANO Laboratory of Prehistory 14 Linia 3-11, St. Petersburg 1990 34, Russia",1.00,
"ANTEA Bureau d'étude en Archéologie, Habsheim, 68440, France",1.00,
"ANTEA-Archéologie, 68440 Habsheim, France",1.00,
"AnthroArch GbR, 82284 Grafrath, Germany",1.00,
"anthropol - Anthropologieservice, Hechingen, 72379, Germany",1.00,
"Anthropological Center, Croatian Academy of Sciences and Arts, Zagreb, 10000, Croatia",1.00,
"Anthropologie Moléculaire et Imagerie de Synthèse, CNRS UMR 5288, Université Paul Sabatier Toulouse III, Toulouse 31000, France",0.00,
"Anthropology Department, Hartwick College, Oneonta, 13820, New York, USA",1.00,
"Anthropology Department, Hartwick College, Oneonta, New York 13820, USA",1.00,
"Anthropology Department, Hartwick College, Oneonta, NY 13820, USA",1.00,
"Anthropology Department, University of Utah, USA",1.00,
"ARC Centre of Excellence for Mathematical and Statistical Frontiers, School of Mathematical Sciences, The University of Adelaide, Adelaide, SA 5005, Australia",0.25,
"ARC Centre of Excellence for Mathematical and Statistical Frontiers, University of Adelaide, Adelaide, South Australia, Australia",0.25,
"Archaeological Expertise LLP, Almaty 050060, Kazakhstan",1.00,
"Archaeological Institute, University of Zurich, Zurich, CH-8006, Switzerland",1.00,
"Archaeological Museum of Istria, Pula, 52100, Croatia",1.00,
"Archaeological Museum of Macedonia, 1000 Skopje, the former Yugoslav Republic of Macedonia",1.00,
"Archaeological Office of the District of Constance, Konstanz, Germany",1.00,
"Archaeological Research Collection, School of Humanities, Tallinn University, Tallinn 10130, Estonia",1.00,
"Archaeological Research Collection, Tallinn University, 10130, Tallinn, Estonia",1.00,
"Archaeological Research Laboratory, Stockholm University, 114 18 Stockholm, Sweden,",1.00,
"Archaeological Research Laboratory, Stockholm University, 114 18, Sweden",1.00,
"Archaeological Research Laboratory, Stockholm University, 11418, Stockholm, Sweden",1.00,
"Archaeological Research Services Ltd, Bakewell, DE45 1HB, UK",1.00,
"Archaeological Service of the canton of Bern, Bern, Switzerland",1.00,
"Archaeological Society “ARGO”, Cracow, Poland",1.00,
"Archaeological Studio Mirosław Mazurek, Rzeszów, Poland",1.00,
"Archaeological Superintendence of Lombardy, Milano, 20123, Italy",1.00,
"Archaeology Institute, University of Highlands and Islands, Scotland, UK",1.00,
"Archaeology of Asia Department, ISMEO - International Association of Mediterranean and Oriental Studies, Rome RM00186, Italy",1.00,
"Archaeom, Departament de Prehistòria, Universitat Autònoma de Barcelona, Cerdanyola del Vallès, 08193, Spain",1.00,
"Archaeom. Departament de Prehistòria, Universitat Autònoma de Barcelona, Cerdanyola del Vallès, Spain",1.00,
"ArchaeoScience, GLOBE Institute, University of Copenhagen, Copenhagen, Denmark",1.00,
"Área de Genética, Facultad de Ciencias, Universidad de Málaga, Málaga, Spain",0.00,
"Área de Prehistoria, Universidad de Murcia, Murcia, 30001, Spain",1.00,
"Area de Prehistoria, Universitat Rovira i Virgili (URV), 43002 Tarragona, Spain",1.00,
"Àrea de Prehistòria, Universitat Rovira i Virgili (URV), Tarragona, Spain",1.00,
"ARGEA Consultores SL, C. de San Crispín, Madrid, Spain",1.00,
"ARGEA S.L., Madrid, 28011, Spain",1.00,
"ARL Division of Biotechnology, University of Arizona, Tucson, 85721, Arizona, USA",0.00,
"Arqueología y Gestión S.L.L., Fuentes de Andalucia, Spain",1.00,
"Arqueovitis sccl., Avinyonet del Penedès, Spain",1.00,
"Ásatárs Ltd., 6000 Kecskemét, Hungary",1.00,
"Australian Centre for Ancient DNA and Environment Institute, School of Earth and Environmental Sciences, University of Adelaide, Adelaide, 5005, South Australia, Australia",0.00,
"Australian Centre for Ancient DNA, School of Biological Sciences &Environment Institute, University of Adelaide, Adelaide, South Australia 5005, Australia",0.00,
"Australian Centre for Ancient DNA, School of Biological Sciences, The University of Adelaide, Adelaide, SA-5005, South Australia, Australia",0.00,
"Australian Centre for Ancient DNA, School of Biological Sciences, The University of Adelaide, SA-5005 Adelaide, Australia",0.00,
"Australian Centre for Ancient DNA, School of Biological Sciences, University of Adelaide, Adelaide, 5005, South Australia, Australia",0.00,
"Australian Centre for Ancient DNA, School of Biological Sciences, University of Adelaide, Adelaide, South Australia 5005, Australia",0.00,
"Australian Centre for Ancient DNA, School of Earth and Environmental Sciences & Environment Institute, University of Adelaide, Adelaide, 5005, South Australia, Australia",0.00,
"Australian Centre for Ancient DNA, School of Earth and Environmental Sciences, University of Adelaide, Adelaide, South Australia, Australia",0.00,
"Balaton Museum, Keszthely 8360, Hungary",1.00,
"Banaras Hindu University, Varanasi 221 005, India (L.S.)",0.50,
"Basic Research Laboratory, NCI, NIH, Frederick National Laboratory, Leidos Biomedical, Frederick, Maryland 21702, USA",0.00,
"Belgorod State University, Belgorod 308015, Russia",0.50,
"Big Data Institute, Li Ka Shing Centre for Health Information and Discovery, University of Oxford, Oxford OX3 7LF, UK",0.25,
"Biocentre of the Ludwig-Maximilian-University München, Munich, 82152, Germany",0.00,
"Biochemistry Department, Faculty of Medicine, Sultan Qaboos University, Alkhod, Muscat 123, Oman",0.00,
"Birbal Sahni Institute of Palaeosciences, Lucknow 226007, India",0.00,
"Bristol Radiocarbon Accelerator Mass Spectrometry Facility, University of Bristol, Bristol, BS8 1UU, UK",1.00,
"British School at Athens, Athens, 106 76, Greece",1.00,
"Broad Institute of Harvard and MIT, Cambridge, 02142, Massachusetts, USA",0.00,
"Broad Institute of Harvard and MIT, Cambridge, MA 02142, USA",0.00,
"Broad Institute of Harvard and MIT, Cambridge, MA, 02142, USA",0.00,
"Broad Institute of Harvard and MIT, Cambridge, Massachusetts 02142, USA",0.00,
"Broad Institute of MIT and Harvard, Cambridge, 02142, Massachusetts, USA",0.00,
"Broad Institute of MIT and Harvard, Cambridge, MA 02142, USA",0.00,
"Broad Institute of MIT and Harvard, Cambridge, MA, USA",0.00,
"Broad Institute of MIT and Harvard, Cambridge, Massachusetts 02142, USA",0.00,
"Budapest History Museum, Budapest, 1014, Hungary",1.00,
"Cabinet of Anthropology, Tomsk State University, Tomsk, Russian Federation",1.00,
"Catalan Institute of Human Paleoecology and Social Evolution (IPHES), Tarragona 43007, Spain",1.00,
"CEF, Department of Life Sciences, University of Coimbra, Coimbra, Portugal",0.25,
"Center for Computational Biology, University of California, Berkeley, CA 94720, USA",0.00,
"Center for Computational Biology, University of California, Berkeley, USA",0.00,
"Center for Computational, Evolutionary and Human Genomics (CEHG), Stanford University, Stanford, CA 94305, USA",0.00,
"Center for Egyptological Studies RAS, Moscow 119991, Russia",1.00,
"Center for Global Health and Child Development, Kisumu 40100, Kenya",0.00,
"Center for Research, Restoration and Protection of Historical and Cultural Heritage of Aktobe Region, Aktobe 030007, Kazakhstan",1.00,
"Center for Theoretical Evolutionary Genetics, University of California, Berkeley, 94720-3140, California, USA",0.00,
"Center of Excellence in Applied Biosciences, Yerevan State University, Yerevan, 0025, Republic of Armenia",0.00,
"Center of Natural and Cultural History of Man, Danube Private University, Krems, 3500, Austria",0.75,
"Center of Natural and Cultural History of Man, Danube Private University, Krems-Stein 3500, Austria",0.75,
"Center of Natural and Cultural Human History, Danube Private University, Krems, Austria",0.75,
"Center of Physical Anthropology, Institute of Ethnology and Anthropology, Russian Academy of Sciences, Moscow 119991, Russia",1.00,
"Central Bohemian Archaeological Heritage Institute, Nad Olšinami 3/448, Prague 10, CZ 100 00, Czech Republic",1.00,
"Central Bohemian Museum in Roztoky u Prahy, Zámek 1, Roztoky, CZ 252 63, Czech Republic",1.00,
"Central State Museum Republic of Kazakhstan, Samal-1 Microdistrict, Almaty 050010, Kazakhstan",1.00,
"Centre Archéologie préventive de Bordeaux Métropole, Bordeaux, France",1.00,
"Centre d’Anthropobiologie et de Génomique de Toulouse, CNRS UMR 5288, Université Paul Sabatier, Toulouse, France",0.00,
"Centre de Recherche en Archéologie, Archeosciences, Histoire (CReAAH), UMR-6566 CNRS, Rennes, France",1.00,
"Centre for Archaeological Research Toraighyrov University, Pavlodar, Kazakhstan",1.00,
"Centre for Evolutionary Hologenomics, University of Copenhagen, Copenhagen, Denmark",0.00,
"Centre for GeoGenetics, Natural History Museum of Denmark, University of Copenhagen, Copenhagen 1350, Denmark",0.00,
"Centre for GeoGenetics, Natural History Museum, University of Copenhagen, Copenhagen, 1350, Denmark",0.00,
"Centre for GeoGenetics, Natural History Museum, University of Copenhagen, Øster Voldgade 5-7, 1350, Copenhagen K, Denmark",0.00,
"Centre for Palaeogenetics, 10691, Stockholm, Sweden",0.00,
"Centre for Population Health Sciences, The University of Edinburgh Medical School, Edinburgh EH8 9AG, UK",0.00,
"Centre for the Study of Early Agricultural Societies, Department of Cross-Cultural and Regional Studies, University of Copenhagen, 2300 Copenhagen, Denmark",1.00,
"Centre of Molecular and Environmental Biology, Department of Biology, University of Minho, Braga, Portugal",0.00,
"Centro de Arqueologia, Universidade de Lisboa, Lisboa, 1600-214, Portugal",1.00,
"Centro de Investigaciones Biomédicas de Guatemala, Ciudad de Guatemala, Guatemala",0.00,
"Centro de Investigaciones del Hombre en el Desierto, Arica 1000000, Chile",0.75,website dead
"Centro Mixto UCM-ISCIII de Evolución y Comportamiento Humanos, 28040 Madrid, Spain",0.25,
"Centro Nacional de Investigacíon sobre Evolución Humana (CENIEH), 09002 Burgos, Spain",0.25,
"Cherepovets State University and Cherepovets Museum Association, Cherepovets 162600, Russia",0.50,
"CHRONO Centre for Climate, the Environment, and Chronology, Queen's University of Belfast, Belfast BT7 1NN, Northern Ireland, UK",0.75,
"CIAS, Department of Life Science, University of Coimbra, Coimbra, Portugal",0.25,
"CIAS, Department of Life Sciences, University of Coimbra, 3000-456 Coimbra, Portugal",0.25,
"CIAS, Department of Life Sciences, University of Coimbra, Coimbra 3000-456, Portugal",0.25,
"CNRS UMR 5608, Toulouse Jean Jaurès University, Maison de la Recherche, 5 Allées Antonio Machado, 31058 Toulouse, Cedex 9, France",1.00,
"CNRS/UMR 7041 ArScAn MAE, 92023 Nanterre, France",1.00,
"CNRS/UMR 7041 ArScAn MAE, Nanterre, 92023, France",1.00,
"CNRS-EXT500, Directeur de la Delegation Archaologique Francaise en Afghanistan (DAFA), Embassy of France in Kabul, Afghanistan",1.00,
"Collège de France, 75231 Paris cedex 05",0.00,
"Collège de France, 75231 Paris cedex 05, France",0.00,
"College of Medicine, University of Arizona, Tucson, 85724, Arizona, USA",0.00,
"Commission for Westphalian Antiquities, Westphalia-Lippe Regional Association, 48157 Münster, Germany",1.00,
"Conservation Department in Šibenik, Ministry of Culture of the Republic of Croatia, Šibenik, 22000, Croatia",1.00,
"Conway Institute, University College Dublin, Belfield, Dublin 4, Ireland",0.00,
"Cronos S.C. Arqueología y Patrimonio, Burgos, Spain",1.00,
"CRONOS SC, Burgos 09007, Spain",1.00,
"CSIR-Centre for Cellular and Molecular Biology, Hyderabad 500 007, India",0.00,
"Cuidad Real Street, Parla, 28982, Spain",1.00,No specific data; googled the individual
"Cultural Anthropology Program, University of Oulu, Oulu 90014, Finland",1.00,
"Curt Engelhorn Center for Archaeometry gGmbH, 68159 Mannheim, Germany",1.00,
"Curt-Engelhorn-Centre Archaeometry gGmbH, Mannheim 68159, Germany",1.00,
"Danube Private University, A-3500 Krems, Austria",0.00,
"Danube Private University, Krems, A-3500, Austria",0.00,
"Danube Private University, Krems, Austria",0.00,
"Departament de Prehistòria, Arqueologia i Historia Antiga, Universitat de València, València, Spain",1.00,
"Departament de Prehistòria, Universitat Autònoma de Barcelona, Cerdanyola del Vallès, 08193, Spain",1.00,
"Departament d'Història i Arqueologia, Universitat de Barcelona, Barcelona, 08001, Spain",1.00,
"Departamento de Anatomía Patolóxica e Ciencias Forenses, Unidade de Xenética, and Instituto de Ciencias Forenses, Grupo de Medicina Xenómica (GMX), Facultade de Medicina, Universidade de Santiago de Compostela, Galcia 15872, Spain",0.00,
"Departamento de Ciencias de la Antigüedad, Grupo Primeros Pobladores del Valle del Ebro (PPVE), Instituto de Investigación en Ciencias Ambientales (IUCA), Universidad de Zaragoza, Zaragoza, Spain",1.00,
"Departamento de Ciencias de la Vida, Universidad de Alcalá, Alcalá de Henares, 28801, Spain",0.75,
"Departamento de Ciencias Históricas, Universidad de Las Palmas de Gran Canaria, Las Palmas, Spain",1.00,
"Departamento de Geografía, Historia y Humanidades, Universidad de Almería, Almería, Spain",1.00,
"Departamento de Geografía, Prehistoria y Arqueología, Grupo de Investigación en Prehistoria, (UPV-EHU)/IKERBASQUE-Basque Foundation for Science, Vitoria, Spain",1.00,
"Departamento de Geografía, Prehistoria y Arqueología, Universidad del País Vasco, Vitoria, Spain",1.00,
"Departamento de Historia, Geografía y Filosofía, Universidad de Cádiz, Cádiz, Spain",1.00,
"Departamento de Medicina Legal, Psiquiatría y Anatomía Patológica, Universidad Complutense de Madrid, Madrid, Spain",0.25,
"Departamento de Paleontología, Facultad Ciencias Geológicas, Universidad Complutense de Madrid, 28040 Madrid, Spain",0.50,
"Departamento de Prehistoria e Historia Antigua, Universidad Nacional de Educación a Distancia, Valencia, Spain",1.00,
"Departamento de Prehistòria y Arqueolgia, Universidad de Valladolid, E-47002 Valladolid, Spain",1.00,
"Departamento de Prehistoria y Arqueología Department, Universidad Autónoma de Madrid, Madrid, Spain",1.00,
"Departamento de Prehistoria y Arqueología, Facultad de Filosofía y Letras, Universidad Autónoma de Madrid, E-28049 Madrid, Spain",1.00,
"Departamento de Prehistoria y Arqueología, Universidad Autónoma de Madrid, Madrid, 28049, Spain",1.00,
"Departamento de Prehistoria y Arqueología, Universidad Autónoma de Madrid, Madrid, Spain",1.00,
"Departamento de Prehistoria y Arqueología, Universidad de Granada, Granada, Spain",1.00,
"Departamento de Prehistoria y Arqueología, Universidad Nacional de Educación a Distancia, Madrid, Spain",1.00,
"Departamento de Prehistoria, Arqueología e Historia Antigua, Facultad de Filosofía y Letras, Universidad de Alicante, San Vicente del Raspeig, Spain",1.00,
"Departamento de Prehistoria, Facultad de Filosofía y Letras, Universidad de Valladolid, Valladolid, 47011, Spain",1.00,
"Departamento de Prehistoria, Facultad de Filosofía y Letras, Universidad de Valladolid, Valladolid, Spain",1.00,
"Departamento de Prehistoria, Universidad Complutense de Madrid, Madrid, 28040, Spain",1.00,
"Departamento de Prehistoria, Universidad Complutense de Madrid, Madrid, Spain",1.00,
"Departamento de Prehistòria, Universitat Autònoma de Barcelona, E-08193 Barcelona, Spain",1.00,
"Department F.-A. Forel for Environmental and Aquatic Sciences, Laboratory of Prehistoric Archaeology and Anthropology, University of Geneva, Geneva 4, Switzerland",1.00,
"Department of Anatomy, Histology and Anthropology, Vilnius University, 03101, Vilnius, Lithuania",0.00,
"Department of Anatomy, Jagiellonian University, Medical College, Cracow, Poland",0.00,
"Department of Anatomy, Wrocław Medical University, Wrocław, 50-368, Poland",0.00,
"Department of Ancient History, Archaeology and History of Art, Faculty of History, University of Bucharest, Bucharest, 50107, Romania",1.00,
"Department of Anthropology - Anthropologisches Institut and Museum, Universität Zürich, Zürich, Switzerland",1.00,
"Department of Anthropology & Institute for Energy and the Environment, The Pennsylvania State University, University Park, Pennsylvania, 16802, USA",1.00,
"Department of Anthropology and Ethnology, Xiamen University, 361005, Xiamen, China",1.00,
"Department of Anthropology and Institutes for Energy and the Environment, Pennsylvania State University, University Park, Pennsylvania, 16802, USA",1.00,
"Department of Anthropology and Institutes of Energy and the Environment, The Pennsylvania State University, University Park, PA, USA",1.00,
"Department of Anthropology, Binghamton University, State University of New York, New York, 13902, USA",1.00,
"Department of Anthropology, California State University Northridge, Northridge, California 91330-8244, USA",1.00,
"Department of Anthropology, Czech National Museum, Prague, Czech Republic",1.00,
"Department of Anthropology, Emory University, Atlanta, 30322, Georgia, USA",1.00,
"Department of Anthropology, Emory University, Atlanta, GA 30322, USA",1.00,
"Department of Anthropology, Emory University, Atlanta, Georgia 30322, USA",1.00,
"Department of Anthropology, Faculty of Science, Masaryk University, 611 37 Brno, Czech Republic",1.00,
"Department of Anthropology, Harvard University, Cambridge, MA 02138, USA",1.00,
"Department of Anthropology, Hungarian Natural History Museum, 1083 Budapest, Hungary",1.00,
"Department of Anthropology, Hungarian Natural History Museum, Ludovika tér 2-6, 1083 Budapest, Hungary",1.00,
"Department of Anthropology, MSC01 1040, University of New Mexico, Albuquerque, New Mexico 87131-0001, USA",1.00,
"Department of Anthropology, National Museum, Prague 115 79, Czech Republic",1.00,
"Department of Anthropology, National Museum, Prague, 115 79, Czech Republic",1.00,
"Department of Anthropology, Natural History Museum Vienna, 1010 Vienna, Austria",1.00,
"Department of Anthropology, Natural History Museum Vienna, Vienna, 1010, Austria",1.00,
"Department of Anthropology, New York University, New York, USA",1.00,
"Department of Anthropology, Penn State University, State College, Pennsylvania, United States of America",1.00,
"Department of Anthropology, Pennsylvania State University, University Park, PA 16802, USA",1.00,
"Department of Anthropology, Polish Academy of Sciences, Wrocław, 50–449, Poland",1.00,
"Department of Anthropology, The National Museum, Prague, Cirkusová 1740, Prague 9, Horní Počernice, CZ 193 00, Czech Republic",1.00,
"Department of Anthropology, The Pennsylvania State University, University Park, Pennsylvania, 16802, USA",1.00,
"Department of Anthropology, University of California, Santa Barbara, CA 93106, USA",1.00,
"Department of Anthropology, University of California, Santa Barbara, CA, USA",1.00,
"Department of Anthropology, University of California, Santa Barbara, Santa Barbara, CA 93106, USA",1.00,
"Department of Anthropology, University of Hawai‘i at Mānoa, Honolulu, HI 96822, USA",1.00,
"Department of Anthropology, University of Iowa, Iowa City, 52240, Iowa, USA",1.00,
"Department of Anthropology, University of Iowa, Iowa City, IA, USA",1.00,
"Department of Anthropology, University of Maryland, College Park, MD 20742, USA",1.00,
"Department of Anthropology, University of Pennsylvania, Philadelphia, PA 19104, USA",1.00,
"Department of Anthropology, University of Pittsburgh, Pittsburgh, PA 15260, USA",1.00,
"Department of Anthropology, University of Toronto, Toronto, M5S 2S2, Ontario, Canada",1.00,
"Department of Anthropology, University of Toronto, Toronto, ON, Canada",1.00,
"Department of Anthropology, University of Toronto, Toronto, ONM5S 2S2, Canada",1.00,
"Department of Anthropology, University of Vienna, 1090 Vienna, Austria",1.00,
"Department of Anthropology, University of Vienna, Althanstraße 14, Vienna, 1090, Austria",1.00,
"Department of Anthropology, University of Vienna, Vienna, 1090, Austria",1.00,
"Department of Anthropology, University of Winnipeg, Winnipeg, MB R3B 2E9, Canada",1.00,
"Department of Anthropology, University of Winnipeg, Winnipeg, R3B 2E9, Manitoba, Canada",1.00,
"Department of Anthropology, University of Wisconsin, Madison, Wisconsin 53706, USA",1.00,
"Department of Anthropology, University of Wyoming, Laramie, 82071, Wyoming, USA",1.00,
"Department of Anthropology, Washington University in St. Louis, St. Louis, MO 63112, USA",1.00,
"Department of Anthropology, Whitman College, Walla Walla, 99362, Washington, USA",1.00,
"Department of Archaeogenetics, Institute of Hungarian Research, 1041 Budapest, Hungary",0.25,
"Department of Archaeogenetics, Max Planck Institute for Evolutionary Anthropology, Leipzig, Germany",0.00,
"Department of Archaeogenetics, Max Planck Institute for the Science of Human History, 07745 Jena, Germany",0.00,
"Department of Archaeogenetics, Max Planck Institute for the Science of Human History, 07745, Jena, Germany",0.00,
"Department of Archaeogenetics, Max Planck Institute for the Science of Human History, Jena, 07745, Germany",0.00,
"Department of Archaeological Excavations and Artefact Processing, Hungarian National Museum, Budapest 1088, Hungary",1.00,
"Department of Archaeology and Ancient History, Lund University, Lund, 221 00, Sweden",1.00,
"Department of Archaeology and Ancient History, Lund University, Lund, Sweden",1.00,
"Department of Archaeology and Ancient History, Uppsala University-Campus Gotland, Visby, Sweden",1.00,
"Department of Archaeology and Anthropology, University of Bristol, Bristol, BS8 1UU, UK",1.00,
"Department of Archaeology and Classical Studies, Stockholm University, 11418 Stockholm, Sweden",1.00,
"Department of Archaeology and Classical Studies, Stockholm University, Stockholm, Sweden",1.00,
"Department of Archaeology and Conservation, Cardiff University, Cardiff CF10 3EU, UK",1.00,
"Department of Archaeology and Heritage Studies, Aarhus University, Aarhus, Denmark",1.00,
"Department of Archaeology and History, La Trobe University, Melbourne, Australia",1.00,
"Department of Archaeology, BioArCh, University of York, York, YO10 5DD, UK",1.00,
"Department of Archaeology, Cambridge Archaeological Unit, University of Cambridge, Cambridge, CB3 0DT, UK",1.00,
"Department of Archaeology, Deccan College Post-Graduate and Research Institute, Pune 411006, India",1.00,
"Department of Archaeology, Durham University, Durham DH1 3LE, UK",1.00,
"Department of Archaeology, Durham University, Durham, UK",1.00,
"Department of Archaeology, Environment and Community Planning, La Trobe University, Melbourne VIC 3086, Australia",1.00,
"Department of Archaeology, Ethnography and Museology, Altai State University, Barnaul 656049, Russia",1.00,
"Department of Archaeology, Ethnography and Museology, The Laboratory of Interdisciplinary Studies in Archaeology of Western Siberia and Altai, Altai State University, Barnaul 656049, Russia",1.00,
"Department of Archaeology, Faculty of History, Moscow State University, Moscow, 119991, Russia",1.00,
"Department of Archaeology, Faculty of Humanities and Social Sciences, University of Zagreb, Zagreb, 10000, Croatia",1.00,
"Department of Archaeology, Faculty of Philosophy and Arts, University of West Bohemia in Pilsen, Sedláčkova 38, Pilsen, CZ 301 00, Czech Republic",1.00,
"Department of Archaeology, Hazara University, Mansehra 21300, Pakistan",1.00,
"Department of Archaeology, Institute of History and Archaeology, University of Tartu, Tartu 51014, Estonia",1.00,
"Department of Archaeology, Institute of Hungarian Research, 1041 Budapest, Hungary",1.00,
"Department of Archaeology, Kemerovo State University, Kemerovo 650043, Russia",1.00,
"Department of Archaeology, Lithuanian Institute of History, 01108, Vilnius, Lithuania",1.00,
"Department of Archaeology, Max Planck Institute for the Science of Human History, Jena 07745, Germany",1.00,
"Department of Archaeology, Rómer Flóris Museum of Art and History, 9021 Győr, Hungary",1.00,
"Department of Archaeology, School of Culture and Society, Aarhus University, 8270 Højbjerg, Denmark",1.00,
"Department of Archaeology, Simon Fraser University, 8888 University Drive, Burnaby, British, V5A 1S6, Columbia, Canada",1.00,
"Department of Archaeology, Simon Fraser University, Burnaby, BC V5A 1S6, Canada",1.00,
"Department of Archaeology, Simon Fraser University, Burnaby, British Columbia V5A 1S6, Canada",1.00,
"Department of Archaeology, Simon Fraser University, Burnaby, V5A 1S6, British Columbia, Canada",1.00,
"Department of Archaeology, Sofia University St. Kliment, 1504 Sofia, Ohridski, Bulgaria",1.00,
"Department of Archaeology, State Historical Museum, Moscow, 109012, Russia",1.00,
"Department of Archaeology, University of Athens, Athens, 17584, Greece",1.00,
"Department of Archaeology, University of Exeter, Exeter, EX4 4QE, UK",1.00,
"Department of Archaeology, University of Exeter, Exeter, UK",1.00,
"Department of Archaeology, University of Tartu, Tartu, 51003, Estonia",1.00,
"Department of Archaeology, University of Vilnius, Vilnius, LT-01513, Lithuania",1.00,
"Department of Archeology and General History, Gorno-Altaisk State University, Gorno-Altaisk, 649000, Russia",1.00,
"Department of Art History, Istanbul Medeniyet University, 34720 Istanbul, Turkey",0.75,
"Department of Bioarchaeology, Institute of Archaeology, National Academy of Sciences of Ukraine, 04210 Kiev, Ukraine",1.00,
"Department of Biochemistry and Medical Chemistry, University of Pécs, Pécs 7624, Hungary",0.00,
"Department of Biochemistry, Muhimbili University of Health and Allied Sciences, Dar es Salaam 65001, Tanzania",0.00,
"Department of Bioinformatics, Graduate School of Health Sciences, Hacettepe University, 06100, Ankara, Turkey",0.00,
"Department of Biological and Geographical Sciences, School of Applied Sciences, University of Huddersfield, Huddersfield, UK",0.50,
"Department of Biological Anthropology, Eötvös Loránd University, Budapest, 1117, Hungary",0.75,
"Department of Biological Anthropology, Eötvös Loránd University, Faculty of Science, Institute of Biology, H-1117, Budapest, Hungary",0.75,
"Department of Biological Anthropology, Institute of Biology, Eötvös Loránd University, Budapest, H-1117, Hungary",0.75,
"Department of Biological Anthropology, Szeged University, Szeged 6726, Hungary",0.75,
"Department of Biological Anthropology, University of Szeged, 6726 Szeged, Hungary",0.75,
"Department of Biological Anthropology, University of Szeged, Szeged, H-6726, Hungary",0.75,
"Department of Biological Sciences, School of Applied Sciences, University of Huddersfield, Queensgate, HD1 3DH, Huddersfield, UK",0.00,
"Department of Biological, Geological and Environmental Sciences, Alma Mater Studiorum – University of Bologna, Bologna 40126, Italy",0.50,
"Department of Biology and Evolution, University of Ferrara, Ferrara, I-44121, Italy",0.00,
"Department of Biology and Genetics, University of Pennsylvania, Philadelphia, 19104, Pennsylvania, USA",0.00,
"Department of Biology, Emory University, Atlanta, Georgia 30322, USA",0.00,
"Department of Biology, Grand Valley State University, Allendale, Michigan 49401, USA",0.00,
"Department of Biology, University of Florence, Florence, 50121, Italy",0.00,
"Department of Biology, University of Guam, Mangilao 96923, Guam",0.00,
"Department of Biology, University of Pisa, 56126 Pisa, Italy",0.00,
"Department of Biology, University of Rome “Tor Vergata”, Rome, Italy",0.00,
"Department of Biomedical Data Science, Stanford University, Stanford, CA 94305, USA",0.00,
"Department of Biomedical Engineering and Integrative Prehistory and Archaeological Science, Basel University, Basel, Switzerland",0.50,
"Department of Biomedical Engineering and Integrative Prehistory and Archaeological Science, Basel-Allschwil, CH-4123, Switzerland",0.50,Potentially two separate affiliations merged into one due to the shared university
"Department of Biomedical Engineering, Basel University, Basel, 4123, Switzerland",0.00,
"Department of Biomedical Engineering, University of Basel, Allschwil 4123, Switzerland",0.00,
"Department of Biomolecular Engineering, University of California, Santa Cruz, California 95064, USA",0.00,
"Department of Clinical Medicine, University of Copenhagen, 2200 Copenhagen N, Denmark",0.00,
"Department of Clinical Science, University of Bergen, Bergen 5021, Norway",0.00,
"Department of Computational Biology, University of Lausanne, Switzerland",0.00,
"Department of Cultural Heritage, University of Bologna, 48121 Ravenna, Italy",1.00,
"Department of Cultural Heritage: Archaeology and History of Art, Cinema and Music, University of Padua, Padua 35139, Italy",1.00,
"Department of Cultures/Archaeology, P.O. Box 59, Unioninkatu 38, 00014 University of Helsinki, Helsinki, Finland",1.00,
"Department of Early Prehistory and Quaternary Ecology, University of Tübingen, 72070 Tübingen, Germany",1.00,
"Department of Early Prehistory and Quaternary Ecology, University of Tübingen, Tübingen, 72070, Germany",1.00,
"Department of Earth Sciences, Natural History Museum, London, SW7 5BD, UK",0.50,
"Department of Ecology and Evolution, Stony Brook University, Stony Brook, New York 11794, USA",0.00,
"Department of Electrical Engineering and Computer Science, University of California, Berkeley, CA 94720, USA",0.50,
"Department of Electrical Engineering, Center for Processing Speech and Images, Katholieke Universiteit Leuven, Leuven, Belgium",0.50,
"Department of Environmental Biology, Sapienza University of Rome, Rome, 00185, Italy",0.00,
"Department of Environmental Biology, Sapienza University of Rome, Rome, Italy",0.00,
"Department of Environmental Biology, Sapienza University, Rome 00185, Italy",0.00,
"Department of Evolutionary Anthropology, University of Vienna, 1090 Vienna, Austria",0.00,
"Department of Evolutionary Anthropology, University of Vienna, Althanstrasse 14, 1090 Vienna, Austria",0.00,
"Department of Evolutionary Anthropology, University of Vienna, Vienna 1030, Austria",0.00,
"Department of Evolutionary Anthropology, University of Vienna, Vienna, Austria",0.00,
"Department of Evolutionary Biology, Estonian Biocentre and University of Tartu, Tartu, 51010, Estonia",0.00,
"Department of Evolutionary Biology, University of Tartu, Tartu 51010, Estonia",0.00,
"Department of Evolutionary Biology, Uppsala University, Uppsala 752 36, Sweden",0.00,
"Department of Evolutionary Genetics, Max Planck Institute for Evolutionary Anthropology, 04103 Leipzig, Germany",0.00,
"Department of Evolutionary Genetics, Max Planck Institute for Evolutionary Anthropology, Leipzig, 04103, Germany",0.00,
"Department of Forensic Medicine, Hjelt Institute, University of Helsinki, Helsinki 00014, Finland",0.00,
"Department of Forensic Medicine, Unit of Forensic Anthropology, University of Copenhagen, Copenhagen, 2100, Denmark",0.00,
"Department of Genetics and Cytology, V. N. Karazin Kharkiv National University, Kharkiv 61077, Ukraine",0.00,
"Department of Genetics and Fundamental Medicine, Bashkir State University, Ufa 450074, Russia",0.00,
"Department of Genetics, Evolution and Environment, University College London, London WC1E 6BT, UK",0.00,
"Department of Genetics, Harvard Medical School, Boston, 02115, Massachusetts, USA",0.00,
"Department of Genetics, Harvard Medical School, Boston, MA 02115, USA",0.00,
"Department of Genetics, Harvard Medical School, Boston, MA, 02115, USA",0.00,
"Department of Genetics, Harvard Medical School, Boston, MA, USA",0.00,
"Department of Genetics, Harvard Medical School, Boston, Massachusetts 02115, USA",0.00,
"Department of Genetics, Perelman School of Medicine, University of Pennsylvania, Philadelphia, Pennsylvania, 19104, USA",0.00,
"Department of Genetics, University of Cambridge, Cambridge, UK",0.00,
"Department of Genetics, University of Szeged, 6726 Szeged, Hungary",0.00,
"Department of Genetics, Yale Medical School, New Haven, CT 06520, USA",0.00,
"Department of Genome Sciences, University of Washington, Seattle, 98195, Washington, USA",0.00,
"Department of Genome Sciences, University of Washington, Seattle, Washington 98195, USA",0.00,
"Department of Genome Sciences, University of Washington, Seattle, Washington, 98195, USA",0.00,
"Department of Genomics of Common Disease, Imperial College London, London Hammersmith Hospital, London, W12 0HS, UK",0.00,
"Department of Geography, Prehistory, and Archaeology, University of the Basque Country, Investigation Group IT622-13, Vitoria-Gasteiz 01006, Spain",1.00,
"Department of Geological Sciences, University of Cape Town, Cape Town, South Africa",0.50,
"Department of Geology, Lund University, Lund, Sweden",0.50,
"Department of Geosciences, Biogeology, Universität Tübingen, Tübingen, 72074, Germany",0.50,
"Department of Geosciences, Biogeology, University of Tübingen, 72074 Tübingen, Germany",0.50,
"Department of Health and Nature, University of Greenland, Greenland",0.00,
"Department of Health Technology, Section of Bioinformatics, Technical University of Denmark, Kongens Lyngby, Denmark",0.00,
"Department of Historical Studies, University of Gothenburg, Gothenburg, 405 30, Sweden",1.00,
"Department of Historical Studies, University of Gothenburg, Gothenburg, Sweden",1.00,
"Department of History and Archaeology, Macquarie University, Sydney, New South Wales, Australia",1.00,
"Department of History and Cultural Heritage, University of Pope Jan Paweł II, Cracow, Poland",1.00,
"Department of history and cultural heritage, University of Siena, Siena, Italy",1.00,
"Department of history of arts and Archaeology, University of Burgundy, Burgundy, France",1.00,
"Department of History of the Institute of Humanities, Ural Federal University, Ekaterinburg, Russian Federation",1.00,
"Department of History, Humanities and Society, University of Rome “Tor Vergata”, Rome, Italy",1.00,
"Department of History, University of Santiago de Compostela, Spain",1.00,
"Department of History, Yerevan State University, Yerevan, 0025, Armenia",1.00,
"Department of Human and Medical Genetics, Vilnius University, Vilnius LT-08661, Lithuania",0.00,
"Department of Human Evolution, Max Planck Institute for Evolutionary Anthropology, 04103 Leipzig, Germany",0.00,
"Department of Human Evolution, Max Planck Institute for Evolutionary Anthropology, Leipzig, 04103, Germany",0.00,
"Department of Human Evolutionary Biology, Harvard University, Cambridge MA, 02138, USA",0.00,
"Department of Human Genetics, KU Leuven, Leuven 3000, Belgium",0.00,
"Department of Human Genetics, Leiden University Medical Center, Leiden, 2333 ZC, The Netherlands",0.00,
"Department of Human Genetics, University of Chicago, Chicago, 60637, Illinois, USA",0.00,
"Department of Integrative Biology, University of California, Berkeley, 94720-3140, California, USA",0.00,
"Department of Integrative Biology, University of California, Berkeley, California 94720-3140, USA",0.00,
"Department of Integrative Biology, University of California, Berkeley, USA",0.00,
"Department of Internal Medicine and Dermatology, Clinic of Endocrinology and Nephrology, Leipzig, 04103, Germany",0.25,
"Department of Internal Medicine and Radboud Center for Infectious Diseases, Radboud University Medical Center, Nijmegen, the Netherlands",0.00,
"Department of Laboratory Medicine and Pathobiology, University of Toronto, Toronto, Ontario M5G 1L5, Canada",0.00,
"Department of Life Science, Laboratory of Prehistory, Research Center for Anthropology and Health, University of Coimbra, Coimbra, 3000-456, Portugal",0.75,
"Department of Life Science, Research Center for Anthropology and Health, University of Coimbra, Coimbra, 3000-456, Portugal",0.75,
"Department of Life Sciences and Biotechnology, University of Ferrara, Ferrara, 44100, Italy",0.00,
"Department of Life Sciences, Anglia Ruskin University, Cambridge, UK",0.00,
"Department of Life Sciences, CIAS, University of Coimbra, Coimbra, 3000-456, Portugal",0.00,
"Department of Mathematics and Computer Science and Artificial Intelligence Laboratory, Massachusetts Institute of Technology, Cambridge, 02139, Massachusetts, USA",0.50,
"Department of Medical Biology, University of Split, School of Medicine, Split 21000, Croatia",0.00,
"Department of Medical Epidemiology and Biostatistics, Karolinska Institutet, Stockholm 171 77, Sweden",0.00,
"Department of Medical Genetics and Szentágothai Research Center, University of Pécs, Pécs 7624, Hungary",0.00,
"Department of Medical Genetics and Szentagothai Research Center, University of Pécs, Pécs H-7624, Hungary",0.00,
"Department of Medical Genetics, National Human Genome Center, Medical University Sofia, Sofia 1431, Bulgaria",0.00,
"Department of Medicine, University of Washington, Seattle, 98195, Washington, USA",0.25,
"Department of Molecular and Cell Biology, University of California, Berkeley, CA 94720, USA",0.00,
"Department of Molecular and Medical Genetics, Institute of Applied Genetics, University of North Texas Health Science Center, Fort Worth, 76107, Texas, USA",0.00,
"Department of Organismal Biology, Uppsala University, Uppsala, Sweden",0.00,
"Department of Organismic and Evolutionary Biology, Harvard University, Cambridge, 02138, Massachusetts, USA",0.00,
"Department of Organismic and Evolutionary Biology, Harvard University, Cambridge, MA 02138, USA",0.00,
"Department of Paleoanthropology, Senckenberg Center for Human Evolution and Paleoenvironment, University of Tübingen, Tübingen D-72070, Germany",0.50,
"Department of Paleolithic Archaeology, Institute of Archaeology and Ethnography, Siberian Branch of the Russian Academy of Sciences, Novosibirsk 630090, Russia",1.00,
"Department of Pediatrics and Pediatric Health Center, University of Szeged, 6725 Szeged, Hungary",0.50,
"Department of Philosophy, History, Culture and Art Studies, Section of Archaeology, University of Helsinki, Helsinki, 00014, Finland",1.00,
"Department of Physical Anthropology, Institute of Forensic Medicine, University of Bern, Bern, Switzerland",0.25,
"Department of Political History, National and State-Confessional Relations, Altai State University, Barnaul 656049, Russia",1.00,
"Department of Pre- and Early History, Institute of Archaeological Sciences, Faculty of Humanities, Eötvös Loránd University, Budapest, H-1088, Hungary",1.00,
"Department of Prehistoric Archaeology, Free University of Berlin, Berlin 14195, Germany",1.00,
"Department of Prehistory and Archaeology, Faculty of Philosophy and Letters, Valladolid University, Valladolid, 47011, Spain",1.00,
"Department of Prehistory and Archaeology, University of Miskolc, Miskolc-Egyetemváros, 3515, Hungary",1.00,
"Department of Prehistory and Archaeology, University of Valladolid, 47002 Valladolid, Spain",1.00,
"Department of Systems Biology, Center for Biological Sequence Analysis, Technical University of Denmark, Kgs Lyngby, 2800, Denmark",0.00,
"Department of Vegetation Ecology, Institute of Botany of the Czech Academy of Sciences, Brno, CZ-602 00, Czech Republic",0.50,
"Department of Vegetation Ecology, Institute of Botany of the Czech Academy of Sciences, Lidická 25/27, Brno 60200, Czech Republic",0.50,
"Department of Zoology, University of Cambridge, Cambridge, CB2 3EJ, UK",0.00,
"Department of Zoology, University of Cambridge, Downing Street, Cambridge CB2 3EJ, UK",0.00,
"Department of Zoology, University of Oxford, Oxford OX1 3PS, UK",0.00,
"Department ofArchaeology and Cultural History, Norwegian University of Science and Technology University Museum, Trondheim, Norway",1.00,
"Departments of Paleoanthropology and Archaeogenetics, Senckenberg Center for Human Evolution and Paleoenvironment, University of Tübingen, D-72070 Tübingen, Germany",1.00,
"Déri Museum, Debrecen 4026, Hungary",1.00,
"Déri Museum, Debrecen, 4026, Hungary",1.00,
"Déri Museum, Déri tér 1, H-4026 Debrecen, Hungary",1.00,
"Dipartimento di Biologia e Biotecnologie “L. Spallanzani”, Università di Pavia, Pavia, 27100, Italy",0.00,
"Dipartimento di Biologia, Università degli Studi di Bari 'Aldo Moro', 70125 Bari, Italy",0.00,
"Dipartimento di Biologia, Università di Firenze, 50122 Florence, Italy",0.00,
"Dipartimento di Biologia, Università di Firenze, Florence, 50122, Italy",0.00,
"Dipartimento di Civiltà e Forme del Sapere, Università di Pisa, 56126 Pisa, Italy",0.50,
"Dipartimento di Fisica e Chimica, Università di Palermo, Palermo 90128, Italy",0.00,
"Dipartimento di Scienze e tecnologie biologiche, chimiche e farmaceutiche, Lab. of Anthropology, Università degli studi di Palermo, 90133 Palermo, Italy",0.50,
"Dipartimento di Scienze Fisiche, della Terra e dell'Ambiente, U.R. Preistoria e Antropologia, Università degli Studi di Siena, 53100 Siena, Italy",0.75,
"Dipartimento SAGAS - Sezione di Archeologia e Antico Oriente, Università degli Studi di Firenze, Florence, 50122, Italy",1.00,
"Direction régionale des affaires culturelles Rhône-Alpes, 69283 Lyon, Cedex 01, France",1.00,
"Division of Archaeology, Department of Archaeology and Anthropology, University of Cambridge, Downing Street, Cambridge CB2 3DZ, UK",1.00,
"Division of Biological Anthropology, University of Cambridge, Cambridge CB2 1QH, UK",1.00,
"Division of Mathematics, Science, and Engineering, Hartnell College, 411 Central Avenue, Salinas, 93901, California, USA",0.50,
"Division of Medical Genetics, University of Washington, Seattle, Washington, 98195, USA",0.00,
"Dobó István Castle Museum, Eger 3300, Hungary",1.00,
"Dobó István Castle Museum, Vár utca 1, H-3300 Eger, Hungary",1.00,
"DRAC Auvergne - Rhône Alpes, Ministère de la Culture, Lyon, Cedex 01, France",1.00,
"Earth and Sustainability Science Research Centre, School of Biological, Earth and Environmental Sciences, University of New South Wales, Sydney, New South Wales, Australia",0.00,
"Earth Institute, University College Dublin, Belfield, 4, Dublin, Ireland",0.50,
"Earth Institute, University College Dublin, Belfield, Dublin 4, Ireland",0.50,
"Earth Institute, University College Dublin, Dublin 4, Ireland",0.50,
"Electron Microscope Unit, Mark Wainwright Analytical Centre, University of New South Wales, Sydney, New South Wales, Australia",0.50,
"Environment Institute, University of Adelaide, Adelaide, South Australia 5005, Australia",0.25,
"Environmental Research and Material Science and Centre for Textile Research, The National Museum of Denmark, Copenhagen K, 1471, Denmark",0.50,
"Eötvös Loránd University, Faculty of Humanities, Institute of Archaeological Sciences, Múzeum körút 4/b, H-1o88 Budapest, Hungary",1.00,
"Ephorate of Paleoanthropology and Speleology, 11636 Athens, Greece",1.00,
"Ephorate of Paleoantropology and Speleology, Greek Ministry of Culture, Athens, 11636, Greece",1.00,
"Era - Arqueologia, Oeiras, Portugal",1.00,
"Erenköy, Bayar caddesi, Eser Apt. Number 7, Daire 24, Kadıköy, Istanbul, Turkey",0.50,
"Escuela de Biología, Universidad de Costa Rica, San José 2060, Costa Rica",0.00,
"Estonian Academy of Sciences, Tallinn 10130, Estonia",0.50,
"Estonian Biocentre, Evolutionary Biology group, Tartu, 51010, Estonia",0.00,
"Estonian Biocentre, Institute of Genomics, University of Tartu, Tartu 51010, Estonia",0.00,
"Estrats, Treballs d'Arqueologia SL, El Campello, Spain",1.00,
"Eurasia Department, German Archaeological Institute, Berlin, Germany",1.00,
"Evolutionary Biology Group, Estonian Biocentre and University of Tartu, Tartu 51010, Estonia",0.00,
"F. Voino-Yasenetsky Krasnoyarsk State Medical University, Krasnoyarsk 660022, Russia",0.00,
"Facoltà di Lettere e Filosofia, Università di Palermo, Palermo, 90133, Italy",1.00,
"Faculty of Archaeology, Leiden University, Leiden, 2300, The Netherlands",1.00,
"Faculty of Archaeology, Leiden University, Leiden, 2333 CC, The Netherlands",1.00,
"Faculty of Biology, Alexandru Ioan Cuza University of Iasi, Iasi, 700505, Romania",0.00,
"Faculty of Geography, Moscow State University, Moscow, Russia",0.50,
"Faculty of Humanities and Social Sciences, Institute of Archaeology, Pázmány Péter Catholic University, 1088 Budapest, Hungary",1.00,
"Ferenczy Museum Center, Szentendre, 2100, Hungary",1.00,
"Finnish Museum of Natural History - LUOMUS, University of Helsinki, 00014, Helsinki, Finland",1.00,
"Fondation Jean Dausset, Centre d'Étude du Polymorphisme Humain (CEPH), 75010 Paris, France",0.00,
"Forensic Genetics Laboratory, Institute of Legal Medicine, Università Cattolica del Sacro Cuore, Rome 00168, Italy",0.00,
"Freie Universität Berlin, Einstein Center Chronoi, Berlin, Germany",1.00,
"Freie Universität Berlin, Institut für Prähistorische Archäologie, Berlin, Germany",1.00,
"French National Centre for Scientific Research, UMR 7041, Nanterre Cedex, 92023, France",1.00,
"Friedrich Alexander University Erlangen/Nürnberg, Kochstrasse 4/18, DE 91054 Erlangen, Germany",0.50,
"Fundación Instituto de Investigación de Prehistoria y Evolución Humana (FIPEH), Lucena, Spain",0.25,
"Genealogical Society of Ireland, Dún Laoghaire, County Dublin, Ireland",0.25,
"General Department of Cultural Heritage Rhineland Palatinate, Department of Archaeology, Mainz, 55116, Germany",1.00,
"Generaldirektion Kulturelles Erbe Rheinland-Pfalz, Direktion Landesarchäologie-Außenstelle Trier, 54290 Trier, Germany",1.00,
"Generation Scotland, Centre for Genomic and Experimental Medicine, MRC Institute of Genetics and Molecular Medicine, University of Edinburgh, Western General Hospital, Edinburgh, EH4 2XU, UK",0.00,
"Genome Technology Branch and NIH Intramural Sequencing Center, National Human Genome Research Institute, National Institutes of Health, Bethesda, Maryland 20892, USA",0.00,
"GeoGenetics Group, Department of Zoology, University of Cambridge, Cambridge, UK",0.00,
"Georgian National Museum, Tbilisi, Georgia",1.00,
"GIR PrehUSAL, Departamento de Prehistoria, Historia Antigua y Arqueología, Universidad de Salamanca, Salamanca, Spain",1.00,
"Gladstone Institutes, San Francisco, 94158, California, USA",0.00,
"GRAM Research Group, Departament de Prehistòria, Arqueologia i Historia Antiga, Universitat de València, València, Spain",1.00,
"Great Orme Mines, Great Orme, Llandudno, LL30 2XG, UK",1.00,
"Green Templeton College, University of Oxford, Woodstock Road, Oxford, OX2 6HG, UK",0.50,
"Grupo EvoAdapta, Departamento de Ciencias Históricas, Universidad de Cantabria, Santander, Spain",1.00,
"Harvard School of Public Health, Boston, 02115, Massachusetts, USA",0.00,
"Harvard-MIT Division of Health Sciences and Technology, Harvard Medical School, Boston, MA 02115, USA",0.00,
"Heidelberg Academy of Sciences, 69117 Heidelberg, Germany",0.50,
"Hellenic Archaeological Service, Samara, 27, Paleo Psychico, 15452, Athens, Greece",1.00,
"Herman Ottó Museum, Miskolc 3529, Hungary",1.00,
"Historic Environment Scotland, Edinburgh, EH9 1SH, UK",1.00,
"HistorieUdvikler, Gl. Roesnaesvej 27, DK-4400 Kalundborg, Denmark",1.00,
"Howard Hughes Medical Institute, Harvard Medical School, Boston, 02115, Massachusetts, USA",0.00,
"Howard Hughes Medical Institute, Harvard Medical School, Boston, MA 02115, USA",0.00,
"Howard Hughes Medical Institute, Harvard Medical School, Boston, MA, 02115, USA",0.00,
"Howard Hughes Medical Institute, Harvard Medical School, Boston, MA, USA",0.00,
"Howard Hughes Medical Institute, Harvard Medical School, Boston, Massachusetts 02115, USA",0.00,
"Howard Hughes Medical Institute, Seattle, Washington 98195, USA",0.00,
"Howard Hughes Medical Institute, University of Washington, Seattle, 98195, Washington, USA",0.00,
"Human Biology Department, Cardinal Stefan Wyszyński University, 01-938, Warsaw, Poland",0.25,
"Human Evolution and Archaeological Sciences, University of Vienna, 1030 Vienna, Austria",0.50,
"Human Origins Program, National Museum of Natural History, Smithsonian Institution, Washington, DC 20013, USA",1.00,
"Humanities Institute, University College Dublin, Dublin 4, Ireland",1.00,
"Hungarian National Museum, Budapest, H-1083, Hungary",1.00,
"Hungarian National Museum, Department of Archaeology, 1088 Budapest, Hungary",1.00,
"Hungarian Natural History Museum, Budapest, 1083, Hungary",1.00,
"ICREA, University of Barcelona, Barcelona, Spain",0.00,
"Imaging Center for Life and Material Sciences, University of Pécs, Pécs 7624, Hungary",0.25,
"Independent Researcher, Albuquerque, NM 87106, USA",0.50,
"Independent researcher, Santpoort-Noord, The Netherlands",0.50,
"Inrap Grand Est Sud, Strasbourg, France",1.00,
"Inrap Grand Ouest, Bourguébus, France",1.00,
"INRAP, Institut National de Recherches Archéologiques Préventives, Buffard, 25440, France",1.00,
"INRAP, Institut National de Recherches Archéologiques Préventives, Metz, 57063, France",1.00,
"INRAP, Institut National de Recherches Archéologiques Préventives, Nice, 06300, France",1.00,
"INRAP, Institut National de Recherches Archéologiques Préventives, Strasbourg, 67100, France",1.00,
"INRAP/UMR 8215 Trajectoires 21, 92023 Nanterre, France",1.00,
"INRAP/UMR 8215 Trajectoires, Nanterre, 92023, France",1.00,
"INSITU S.C.P., Centelles, Spain., Museu d'Arqueologia de Catalunya-Ullastret, Ullastret, Spain",1.00,
"Institució Catalana de Recerca i Estudis Avançats, Barcelona, 08010, Spain",0.00,
"Institut Català de Paleoecologia Humana i Evolució Social (IPHES), 43007 Tarragona, Spain",1.00,
"Institut Català de Paleoecologia Humana i Evolució Social (IPHES), Tarragona, Spain",1.00,
"Institut de Biologia Evolutiva (CSIC-UPF), Departament de Ciències Experimentals i de la Salut, Universitat Pompeu Fabra, Barcelona 08003, Spain",0.00,
"Institut de Recerca Històrica, Universitat de Girona, Girona, Spain",1.00,
"Institut de Recherche Criminelle de la Gendarmerie Nationale, 95000 Pontoise, France",0.50,
"Institut für Vor- und Frühgeschichtliche Archäologie und Provinzialrömische Archäologie, Ludwig Maximilian University, Munich, Germany",1.00,
"Institut für Vor- und Frühgeschichtliche Archäologie und Provinzialrömische Archäologie, Ludwig-Maximilians-Universität München, Munich, 80539, Germany",1.00,
"Institut National de Recherches Archéologiques Préventives (INRAP), 75685 Paris Cedex 14, France",1.00,
"Institute for Anthropological Research, Zagreb 10000, Croatia",1.00,
"Institute for Anthropological Research, Zagreb, 10000, Croatia",1.00,
"Institute for Archaeological Research, Uzbekistan Academy of Sciences, Samarkand 140151, Uzbekistan",1.00,
"Institute for Archaeological Science, Palaeoanthropology, Eberhard Karls University Tübingen, Tübingen, Germany",1.00,
"Institute for Archaeological Sciences, Archaeo- and Palaeogenetics, University of Tübingen, 72070 Tübingen, Germany",0.75,
"Institute for Archaeological Sciences, Archaeo- and Palaeogenetics, University of Tübingen, 72070, Tübingen, Germany",0.75,
"Institute for Archaeological Sciences, Archaeo- and Palaeogenetics, University of Tübingen, Tübingen, 72070, Germany",0.75,
"Institute for Archaeological Sciences, Archaeo- and Palaeogenetics, University of Tübingen, Tübingen, Germany",0.75,
"Institute for Archaeological Sciences, Eberhard Karls University of Tübingen, Tübingen, Germany",1.00,
"Institute for Archaeological Sciences, Eberhard Karls University Tübingen, 72070 Tübingen, Germany",1.00,
"Institute for Archaeological Sciences, Paleoanthropology, University of Tübingen, 72070 Tübingen, Germany",0.75,
"Institute for Archaeological Sciences, Paleoanthropology, University of Tübingen, Tübingen, 72070, Germany",0.75,
"Institute for Archaeological Sciences, University of Tübingen, D-72070 Tübingen, Germany",1.00,
"Institute for Archaeological Sciences, University of Tübingen, Tübingen, 72074, Germany",1.00,
"Institute for Archaeological Sciences, University of Tübingen, Tübingen, Germany",1.00,
"Institute for Archaeology, Russian Academy of Sciences, Moscow, Russia",1.00,
"Institute for Computational and Mathematical Engineering, Stanford University, Stanford, CA 94305, USA",0.50,
"Institute for Eastern Research, Adam Mickiewicz University in Poznań, Poznań, Poland",1.00,
"Institute for History of Medicine and Foreign Languages of the First Faculty of Medicine, Charles University, Prague, 121 08, Czech Republic",0.25,
"Institute for History of Medicine and Foreign Languages, First Faculty of Medicine, Charles University, Prague, 121 08, Czech Republic",0.25,
"Institute for History of Medicine, First Faculty of Medicine, Charles University, Prague, Czech Republic",0.25,
"Institute for Integrative Prehistory and Archaeological Science, University of Basel, Basel 4055, Switzerland",1.00,
"Institute for Mummy Studies, EURAC Research, 39100 Bolzano, Italy",1.00,
"Institute for Pre- and Protohistoric Archaeology and Archaeology of the Roman Provinces, Ludwig Maximilian University Munich, Munich, Germany",1.00,
"Institute for Pre- and Protohistoric Archaeology and Archaeology of the Roman Provinces, Ludwig-Maximilian University Munich, 80799 Munich, Germany",1.00,
"Institute for Pre- and Protohistoric Archaeology and the Archaeology of the Roman Provinces, Ludwig-Maximilians-University, Munich, 80799, Germany",1.00,
"Institute for Prehistory and Archaeological Science, University of Basel, CH-4003 Basel, Switzerland",1.00,
"Institute for Prehistory, Early History and Medieval Archaeology, Tübingen, Germany",1.00,
"Institute for Prehistory, Early History and Medieval Archaeology, University of Tübingen, 72070 Tübingen, Germany",1.00,
"Institute for the History of Material Culture, Russian Academy of Science, St. Petersburg, Russia",1.00,
"Institute of Anthropology, Johannes Gutenberg University Mainz, Mainz D-55128, Germany",1.00,
"Institute of Anthropology, Johannes Gutenberg University of Mainz, D-55128 Mainz, Germany",1.00,
"Institute of Anthropology, Johannes Gutenberg University of Mainz, Mainz, Germany",1.00,
"Institute of Archaeological Sciences, Eötvös Loránd University, 1088 Budapest, Hungary",1.00,
"Institute of Archaeological Sciences, Eötvös Loránd University, Budapest 1088, Hungary",1.00,
"Institute of Archaeological Sciences, Prehistoric Archaeology, University of Bern, Bern, Switzerland",1.00,
"Institute of Archaeology & Ethnography, Siberian Branch, Russian Academy of Sciences, Novosibirsk, 630090, Russia",1.00,
"Institute of Archaeology and Ethnography, National Academy of Sciences, Yerevan, Armenia",1.00,
"Institute of Archaeology and Ethnography, Russian Academy of Sciences, Siberian Branch, 17 Novosibirsk, RU-630090, Russia",1.00,
"Institute of Archaeology and Ethnography, Siberian Branch of the Russian Academy of Sciences, Novosibirsk, Russian Federation",1.00,
"Institute of Archaeology and Ethnography, Siberian Branch, Russian Academy of Sciences, Novosibirsk 630090, Russia",1.00,
"Institute of Archaeology and Ethnology of the Polish Academy of Sciences, Poznań, 61-612, Poland",1.00,
"Institute of Archaeology and Ethnology, National Academy of Sciences of the Republic of Armenia, Yerevan, 0025, Republic of Armenia",1.00,
"Institute of Archaeology and Ethnology, Polish Academy of Sciences, Cracow, Poland",1.00,
"Institute of Archaeology and Ethnology, Polish Academy of Sciences, Kraków, 31-016, Poland",1.00,
"Institute of Archaeology and Ethnology, Polish Academy of Sciences, Kraków, Poland",1.00,
"Institute of Archaeology and Museology, Faculty of Arts, Masaryk University, Brno, CZ-602 00, Czech Republic",1.00,
"Institute of Archaeology and Museology, Masaryk University, Arne Nováka 1, Brno 60200, Czech Republic",1.00,
"Institute of Archaeology at Brno, Academy of Science of the Czech Republic, 69129 Dolní Věstonice, Czech Republic",1.00,
"Institute of Archaeology of the Czech Academy of Sciences, Prague, Letenská 4, Prague 1, CZ 118 01, Czech Republic",1.00,
"Institute of Archaeology of the Hungarian Academy of Sciences, Research Center for the Humanities, Budapest, H-1250, Hungary",1.00,
"Institute of Archaeology, Almaty 050010, Kazakhstan",1.00,
"Institute of Archaeology, Belgrade, Serbia",1.00,
"Institute of Archaeology, Czech Academy of Sciences, Prague 118 01, Czech Republic",1.00,
"Institute of Archaeology, Czech Academy of Sciences, Prague, 118 01, Czech Republic",1.00,
"Institute of Archaeology, Faculty of Arts, University of South Bohemia in České Budějovice, Branišovská 31a, CZ 370 05, České Budějovice, Czech Republic",1.00,
"Institute of Archaeology, Jagiellonian University, Ul. Gołębia 11, 31-007, Kraków, Poland",1.00,
"Institute of Archaeology, National Academy of Sciences of Ukraine, Kyiv, Ukraine",1.00,
"Institute of Archaeology, Research Centre for the Humanities, Hungarian Academy of Science, H-1014 Budapest, Hungary",1.00,
"Institute of Archaeology, Research Centre for the Humanities, Hungarian Academy of Sciences, Budapest 1097, Hungary",1.00,
"Institute of Archaeology, Research Centre for the Humanities, Hungarian Academy of Sciences, Budapest, 1097, Hungary",1.00,
"Institute of Archaeology, Russian Academy of Sciences, Moscow 117292, Russia",1.00,
"Institute of Archaeology, Silesian University in Opava, Opava, 746 01, Czech Republic",1.00,
"Institute of Archaeology, University College London, London WC1H 0PY, UK",1.00,
"Institute of Archaeology, University College London, London, WC1H 0PY, UK",1.00,
"Institute of Archaeology, University of Oxford, Oxford, OX1 2PG, UK",1.00,
"Institute of Archaeology, University of Rzeszów, Rzeszów, Poland",1.00,
"Institute of Archaeology, University of Wroclaw, Wrocław, 50-137, Poland",1.00,
"Institute of Biochemistry and Biology, University of Potsdam, Karl-Liebknecht-Straße 24-25, 14476 Potsdam, Germany",0.25,
"Institute of Biochemistry and Genetics, Ufa Research Centre, Russian Academy of Sciences, Ufa 450054, Russia",0.00,
"Institute of Biochemistry, Biological Research Centre, 6726 Szeged, Hungary",0.25,
"Institute of Biological Psychiatry, Mental Health Services, Copenhagen University Hospital, Roskilde, Denmark",0.00,
"Institute of Biology, Research group GENMOL, Universidad de Antioquia, Medellín, Colombia",0.00,
"Institute of Bioorganic Chemistry Academy of Sciences Republic of Uzbekistan, Tashkent 100125, Uzbekistan",0.00,
"Institute of Cytology and Genetics, Siberian Branch of Russian Academy of Sciences, Novosibirsk 630090, Russia",0.00,
"Institute of Ethnology and Anthropology, Russian Academy of Sciences, Moscow 119991, Russia",1.00,
"Institute of Ethnology and Anthropology, Russian Academy of Sciences, Moscow, 119991, Russia",1.00,
"Institute of Ethnology and Anthropology, Russian Academy of Sciences, Moscow, Russian Federation",1.00,
"Institute of Evolutionary Biology (CSIC-Universitat Pompeu Fabra), 08003 Barcelona, Spain",0.00,
"Institute of Evolutionary Biology (CSIC-UPF), Barcelona 08003, Spain",0.00,
"Institute of Evolutionary Biology, CSIC-Universitat Pompeu Fabra, Barcelona 08003, Spain",0.00,
"Institute of Evolutionary Biology, CSIC-Universitat Pompeu Fabra, Barcelona, 08003, Spain",0.00,
"Institute of Evolutionary Biology, CSIC-Universitat Pompeu Fabra, Barcelona, Spain",0.00,
"Institute of Experimental Morphology, Pathology and Anthropology with Museum, Bulgarian Academy of Sciences, 1113 Sofia, Bulgaria",0.45,
"Institute of Experimental Morphology, Pathology and Anthropology with Museum, Bulgarian Academy of Sciences, Sofia, Bulgaria",0.45,
"Institute of Genetics, Biological Research Centre, 6726 Szeged, Hungary",0.00,
"Institute of History and Archaeology RAS (South Ural Department), South Ural State University, Chelyabinsk, 454080, Russia",1.00,
"Institute of History and Archaeology, University of Tartu, 50090, Tartu, Estonia",1.00,
"Institute of History and Archaeology, Ural Branch RAS, Yekaterinburg 620990, Russia",1.00,
"Institute of Humanities, Ivanovo State University, Ivanovo, Russian Federation",1.00,
"Institute of Immunology, Academy of Science, Tashkent 70000, Uzbekistan",0.00,
"Institute of Internal Medicine, Siberian Branch of Russian Academy of Medical Sciences, Novosibirsk 630089, Russia",0.00,
"Institute of Latvian History, University of Latvia, Kalpaka Bulvāris 4, Rīga 1050, Latvia",1.00,
"Institute of Latvian History, University of Latvia, Rı¯ga, 1050, Latvia",1.00,
"Institute of Latvian History, University of Latvia, Riga, LV-1050, Latvia",1.00,
"Institute of Life and Earth Sciences, University of Gibraltar, Gibraltar",0.25,
"Institute of Linguistics, University of Bern, Bern CH-3012, Switzerland",1.00,
"Institute of Molecular Biology and Pathology, National Research Council, Rome 00185, Italy",0.00,
"Institute of Molecular Biology, National Academy of Sciences, Yerevan, Armenia",0.00,
"Institute of Organismic and Molecular Evolution, Johannes Gutenberg University Mainz, Mainz 55128, Germany",0.00,
"Institute of Preservation of Archaeological Heritage of Northwest Bohemia, Jana Žižky 835, Most, CZ 434 01, Czech Republic",1.00,
"Institute of Statistical Sciences, School of Mathematics, University of Bristol, Bristol, UK",0.50,
"Institute of Steppe, Ural Branch RAS, Orenburg 460000, Russia",0.50,
"Institute of Zoology and Biomedical Research, Jagiellonian University, Kraków, 31-007, Poland",0.00,
"Institutes of Energy and the Environment, Pennsylvania State University, University Park, PA 16802, USA",0.00,
"Institutes of Energy and the Environment, The Pennsylvania State University, University Park, PA 16802, USA",0.00,
"Institutes of Energy and the Environments, Pennsylvania State University, University Park, PA 16802, USA",0.00,
"Institutes of Evolution, Immunology and Infection Research, School of Biological Sciences, University of Edinburgh, Edinburgh EH9 3JT, UK",0.00,
"Instituto Alavés de Arqueología, Vitoria-Gasteiz, Spain",1.00,
"Instituto Boliviano de Biología de la Altura, Universidad Mayor de San Andrés, 591 2 La Paz, Bolivia",0.00,
"Instituto de Alta Investigación, Universidad de Tarapacá, Arica 1000000, Chile",0.50,
"Instituto Internacional de Investigaciones Prehistóricas de Cantabria IIIPC (Universidad de Cantabria-Gobierno de Cantabria-Santander), Santander, Spain",1.00,
"Instituto Internacional de Investigaciones Prehistóricas de Cantabria, Universidad de Cantabria, Santander, Spain",1.00,
"Instituto Internacional de Investigaciones Prehistóricas, Universidad de Cantabria, 39005 Santander, Spain",1.00,
"Instituto Universitario de Investigación en Arqueología y Patrimonio Histórico (INAPH), San Vicente del Raspeig, Spain",1.00,
"Instituto Universitario de Investigación en Ciencias Policiales (IUICP), Alcalá de Henares, 28801, Spain",0.50,
"Instituto Universitario de la Paz y los Conflictos, Universidad de Granada, Granada, Spain",0.50,
"Institutul de Arheologie “Vasile Pârvan” Academia Română, Bucharest, Romania",1.00,
"Institutul de Cercetari Biologice, Iaşi, 700505, Romania",0.00,
"Integrative Prähistorische und Naturwissenschaftliche Archäologie, Basel, Switzerland",1.00,
"Integrative Prehistory and Archaeological Science, Basel University, Basel, Switzerland",1.00,
"Integrative Transcriptomics, Centre for Bioinformatics, University of Tübingen, Tübingen, 72076, Germany",0.00,
"International Archaeological Research Institute, Inc., Honolulu, HI 96826, USA",1.00,
"IPHES. Institut Català de Paleoecologia Humana i Evolució Social, Campus Sescelades-URV, 43007 Tarragona, Spain",0.25,
"IPND, Tyumen Scientific Centre, Siberian Branch of the Russian Academy of Sciences, Tyumen, Russian Federation",1.00,
"ISMEO - International Association of Mediterranean and Oriental Studies, Italian Archaeological Mission in Pakistan, 19200 Saidu Sharif (Swat), Pakistan",1.00,
"Isotope Laboratory, Adam Mickiewicz University, Poznań, Poland",1.00,
"Israel Antiquities Authority, Jerusalem, 91004, Israel",1.00,
"J.M. van Nassaulaan 9, Santpoort-Noord, 2071 VA, The Netherlands",0.50,
"Jósa András Museum, Nyíregyháza 4400, Hungary",1.00,
"JPAC-Central Identification Laboratory, 310 Worchester Avenue, Building. 45 Joint Base Pearl Harbor-Hickam, Honalulu, Hawaii 96853-5530, USA",1.00,
"Junta de Castilla y León, Servicio de Cultura de León, León, Spain",1.00,
"KADUCEJ d.o.o.,, Split, 21000, Croatia",0.75,
"Katona József Museum, 6000 Kecskemét, Hungary",1.00,
"Key Laboratory of Vertebrate Evolution and Human Origins of Chinese Academy of Sciences, Institute of Vertebrate Paleontology and Paleoanthropology, Chinese Academy of Sciences, Beijing 100044, China",0.50,
"Key Laboratory of Vertebrate Evolution and Human Origins of Chinese Academy of Sciences, IVPP, CAS, 100044, Beijing, China",0.50,
"Key Laboratory of Vertebrate Evolution and Human Origins of Chinese Academy of Sciences, IVPP, CAS, Beijing 100044, China",0.50,
"Kostanay Regional University A. Baitursynov, Kostanay, Kazakhstan",0.75,
"Kunstkamera Museum, St. Petersburg, Russia",1.00,
"Kyrgyz National University, 720033 Bishkek, Kyrgyzstan",0.50,
"Kyrgyz-Turkish Manas University, Bishkek, Kyrgyzstan",0.50,
"Laboratoire Chronoenvironnement, UMR 6249 du CNRS, UFR des Sciences et Techniques, 25030 Besançon Cedex, France",0.75,
"Laboratoire Chronoenvironnement, UMR 6249 du CNRS, UFR des Sciences et Techniques, Besançon, 25030, Cedex, France",0.75,
"Laboratorio de Genética Molecular Poblacional, Instituto Multidisciplinario de Biología Celular (IMBICE), CCT-CONICET & CICPBA, La Plata, B1906APO, Argentina",0.00,
"Laboratorio di Genetica Molecolare, IRCCS Associazione Oasi Maria SS, Troina 94018, Italy",0.00,
"Laboratory for Archaeological Chemistry, Department of Anthropology, University of Wisconsin-Madison, Madison, USA",1.00,
"Laboratory for Archaeological Chemistry, University of Wisconsin-Madison, Madison, 53706, Wisconsin, USA",1.00,
"Laboratory for Experimental Traceology, Institute for the History of Material Culture of the Russian Academy of Sciences, Dvortsovaya nab., 18, 191186, St. Petersburg, Russian Federation",1.00,
"Laboratory for Human Bioarchaeology, Sofia, 1202, Bulgaria",0.75,
"Laboratory of Archaeogenetics, Institute of Archaeology, Research Centre for the Humanities, Hungarian Academy of Sciences, Budapest, 1097, Hungary",0.50,
"Laboratory of Archaeogenetics, Institute of Archaeology, Research Centre for the Humanities, Hungarian Academy of Sciences, Budapest, H-1097, Hungary",0.50,
"Laboratory of Archaeometry, National Center for Scientific Research ‘Demokritos’, Aghia Paraskevi, 153 10, Attiki, Greece",1.00,
"Laboratory of Biological Anthropology, Department of Forensic Medicine, University of Copenhagen, Copenhagen, Denmark",0.75,
"Laboratory of Ethnogenomics, Institute of Molecular Biology, National Academy of Sciences of Armenia, Yerevan 0014, Armenia",0.00,
"Laboratory of Ethnogenomics, Institute of Molecular Biology, National Academy of Sciences, Yerevan, 0014, Armenia",0.00,
"Laboratory of Human Molecular Genetics, Institute of Molecular and Cellular Biology, Russian Academy of Science, Siberian Branch, Novosibirsk 630090, Russia",0.00,
"Laboratory of Human Molecular Genetics, Institute of Molecular and Cellular Biology, Siberian Branch of the Russian Academy of Sciences, Novosibirsk 630090, Russia",0.00,
"Laboratory of Prehistory, Research Center for Anthropology and Health, Department of Life Sciences, University of Coimbra, Coimbra, Portugal",1.00,
"Labrys o.p.s., Hloubětínská 16/11, Prague 9, CZ 198 00, Czech Republic",1.00,
"Labrys o.p.s., Prague, 198 00, Czech Republic",1.00,
"Laczkó Dezso˝ Museum, Veszprém 8200, Hungary",1.00,
"Łańcut Castle Museum, Łańcut, Poland",1.00,
"Lebanese American University, School of Medicine, Beirut 13-5053, Lebanon",0.00,
"Leipzig University Medical Center, IFB Adiposity Diseases, Leipzig, 04103, Germany",0.00,
"Lipetsk Regional Scientific Public Organisation “Archaeological Research”, Lipetsk, Russian Federation",1.00,
"Ludwig-Maximilians-Universität München, Institut für Vor- und Frühgeschichtliche Archäologie und Provinzialrömische Archäologie, München, 80799, Germany",1.00,
"Ludwig-Maximilians-Universität München, Martinsried, 82152 Munich, Germany",0.50,
"Lundbeck Foundation GeoGenetics Centre, Globe Institute, University of Copenhagen, Copenhagen, Denmark",0.00,
"Malmö Museer, Malmöhusvägen 6, Malmö, Sweden",1.00,
"MARUM, University of Bremen, Bremen, Germany",0.50,
"Matrica Museum, Százhalombatta, 2440, Hungary",1.00,
"Max F. Perutz Laboratories, Mathematics and Bioscience Group, Campus Vienna Biocenter 5, Vienna 1030, Austria",0.25,
"Max Planck Institut für Geschichte und Naturwissenschaften, Jena 07745, Germany",1.00,
"Max Planck Institute for Evolutionary Anthropology, 04103 Leipzig, Germany",0.00,
"Max Planck Institute for Evolutionary Anthropology, D-04103 Leipzig, Germany",0.00,
"Max Planck Institute for Evolutionary Anthropology, Leipzig 04103, Germany",0.00,
"Max Planck Institute for Evolutionary Anthropology, Leipzig, 04103, Germany",0.00,
"Max Planck Institute for the Science of Human History, D-07745 Jena, Germany",0.00,
"Max Planck Institute for the Science of Human History, Department of Archaeogenetics, Jena, Germany",0.00,
"Max Planck Institute for the Science of Human History, Jena, 07745, Germany",0.00,
"Max Planck Institute for the Science of Human History, Jena, Germany",0.00,
"Max Planck-Harvard Research Center for the Archaeoscience of the Ancient Mediterranean, Cambridge, MA 02138, USA",0.00,
"McDonald Institute for Archaeological Research, University of Cambridge, Downing Street, Cambridge CB2 3ER, UK",1.00,
"Medical and Population Genetics Program, Broad Institute of MIT and Harvard, Cambridge, Massachusetts 02142, USA",0.00,
"Merchiston Gardens, Edinburgh, EH10 5DD, UK",0.50,
"MiBAC – Ministero per i Beni e le Attività Culturali - Soprintendenza Archeologia, belle arti e paesaggio del Friuli Venezia Giulia, 34135 Trieste, Italy",1.00,
"Middle East Technical University, Department of Biological Sciences, Ankara, Turkey",0.00,
"Moesgaard Museum, Moesgård Allé 15, Højbjerg, Denmark",1.00,
"Móra Ferenc Museum, 6720 Szeged, Hungary",1.00,
"MRC Human Genetics Unit, MRC Institute of Genetics and Molecular Medicine, University of Edinburgh, Edinburgh, EH4 2XU, UK",0.00,
"MRC Weatherall Institute of Molecular Medicine, University of Oxford, Oxford OX3 9DS, UK",0.00,
"Mt. Mercy University, Cedar Rapids, IA, USA",0.50,
"Municipal Museum Drniš, Drniš, 22320, Croatia",1.00,
"Mureş County Museum, 540088 Târgu Mureș, Romania",1.00,
"Museo Archeologico Nazionale di Parma, Parma, 43100, Italy",1.00,
"Museo Arqueológico y Etnológico de Granada, Granada, Spain",1.00,
"Museo e Istituto fiorentino di Preistoria, Florence, 50122, Italy",1.00,
"Museu Arqueológic Vicent Casanova, Bocairent, Spain",1.00,
"Museu d'Arqueologia de Catalunya-Empúries, L'Escala, Spain",1.00,
"Museu de Prehistòria de València, València, Spain",1.00,
"Museu de Prehistoria/SIP, Diputació de València, València, Spain",1.00,
"Museu i Poblat Ibèric de Ca n'Oliver, Cerdanyola del Vallès, 08290, Spain",1.00,
"Museu i Poblat Ibèric de Ca n'Oliver, Cerdanyola del Vallès, Spain",1.00,
"Muséum national d’Histoire naturelle, CNRS, Université de Paris, Musée de l’Homme, Paris, France",0.75,
"Museum Nordsjælland, Frederiksgade 9, 3400 Hillerød",1.00,
"Museum of Anthropology and Ethnography, Saint Petersburg 34, Russia",1.00,
"Museum of Archaeology Strasbourg, Strasbourg, France",1.00,
"Museum of Cultural History, University of Oslo, P.O. Box 6762. St. Olavs Plass NO-0130 Oslo, Norway",1.00,
"Museum Østjylland, Stemannsgade 2, Randers, Denmark",1.00,
"Museum Sydøstdanmark, Algade 97, 4760 Vordingborg, Denmark",1.00,
"Museum Vestsjælland, Klosterstræde 18, 4300 Holbæk, Denmark",1.00,
"Museumsverein Bad Mergentheim eV, 97980 Bad Mergentheim, Germany",1.00,
"N.F. Katanov Khakassia State University, Abakan 655017, Russia",1.00,
"National Archaeological Institute with Museum at the Bulgarian Academy of Sciences, Sofia, Bulgaria",1.00,
"National Center of Archaeological Research, National Museum of History and Art, L-2345, Luxembourg",1.00,
"National History Museum of Romania, Bucharest, 030026, Romania",1.00,
"National Institute of Archaeology and Museum, Bulgarian Academy of Sciences, Sofia, BG-1000, Bulgaria",1.00,
"National Laboratory of Genomics for Biodiversity (LANGEBIO), Unit of Advanced Genomics, CINVESTAV, Irapuato 36821, Mexico",0.00,
"National Museum in Belgrade, Belgrade, Serbia",1.00,
"National Museum of History of Moldova, Chişinău, Republic of Moldova",1.00,
"National Museum of Natural History, L-2160, Luxembourg",0.75,
"National Museums Scotland, Edinburgh, EH1 1JF, UK",1.00,
"National Research Tomsk State University, Tomsk 634050, Russia",0.75,
"National University of Kyiv-Mohyla Academy, Kyiv, Ukraine",1.00,
"Netherlands Institute in Turkey, Istanbul, 34433, Turkey",1.00,
"Netherlands Institute in Turkey, Istiklal Caddesi, Nur-i Ziya Sokak 5, Beyog˘ lu 34433, Istanbul, Turkey",1.00,
"Neurogenomics Division, The Translational Genomics Research Institute (TGEN), Phoenix, AZ, USA",0.00,
"NextBio, Illumina, Santa Clara, California 95050, USA",0.25,
"Nizhny Tagil State Socio-Pedagogical Institute, Nizhny Tagil, Russia",0.75,
"North-Eastern Federal University and Yakut Research Center of Complex Medical Problems, Yakutsk 677013, Russia",0.25,
"Norwegian Institute for Cultural Heritage Research, Oslo, Norway",1.00,
"Novo Nordisk Foundation Center for Protein Research, University of Copenhagen, Copenhagen, 2200, Denmark",0.25,
"Novo Nordisk Foundation Centre for Protein Research, Faculty of Health and Medical Sciences, University of Copenhagen, Copenhagen N, Denmark",0.25,
"Novosibirsk State University, Novosibirsk 630090, Russia",0.50,
"Odense City Museums, Overgade 48, Odense, Denmark",1.00,
"Odesa Archaeological Museum, Odesa, Ukraine",1.00,
"Oeschger Centre for Climate Change Research, University of Bern, Bern, Switzerland",0.50,
"Office of the State Archaeologist, University of Iowa, Iowa City, IA, USA",1.00,
"Olga Necrasov Centre for Anthropological Research, Romanian Academy – Iaşi Branch, Iaşi, 700481, Romania",1.00,
"Osteoarchaeological Research Laboratory, Department of Archaeology and Classical Studies, Stockholm University, Stockholm, Sweden",1.00,
"Oxford Archaeology East, Cambridge, CB23 8SQ, UK",1.00,
"Oxford Archaeology, Oxford, OX2 0ES, UK",1.00,
"Oxford Radiocarbon Accelerator Unit, Research Laboratory for Archaeology and the History of Art, University of Oxford, Dyson Perrins Building, South Parks Road, OX1 3QY Oxford, UK",1.00,
"Oxford Radiocarbon Accelerator Unit, Research Laboratory for Archaeology and the History of Art, University of Oxford, Oxford OX1 3QY, UK",1.00,
"Oxford Radiocarbon Accelerator Unit, RLAHA, University of Oxford, Oxford, OX1 3QY, UK",1.00,
"Oxford Radiocarbon Accelerator Unit, University of Oxford, Oxford, OX1 3QY, UK",1.00,
"Palaeolithic Department, Institute of Archaeology and Ethnography, Russian Academy of Sciences, Siberian Branch, 630090 Novosibirsk, Russia",1.00,
"Paleoanthropology Group, Department of Paleobiology, Museo Nacional de Ciencias Naturales (MNCN)-Consejo Superior de Investigaciones Científicas (CSIC), Madrid, Spain",0.25,
"Paleoecology Laboratory, Institute of Plant and Animal Ecology, Ural Branch of the Russian Academy of Sciences, Ekaterinburg, Russian Federation",0.50,
"Pediatric Department, CHU Sainte-Justine Research Center, Université de Montréal, Montreal, Québec H3T 1C5, Canada",0.00,
"Peter the Great Museum of Anthropology and Ethnography (Kunstkamera) RAS, 199034 St. Petersburg, Russia",1.00,
"Peter the Great Museum of Anthropology and Ethnography (Kunstkamera) RAS, 199034 St., Petersburg, Russia",1.00,
"Peter the Great Museum of Anthropology and Ethnography (Kunstkamera) RAS, St Petersburg 199034, Russia",1.00,
"Peter the Great Museum of Anthropology and Ethnography (Kunstkamera) RAS, St Petersburg, 199034, Russia",1.00,
"Peter the Great Museum of Anthropology and Ethnography (Kunstkamera) RAS, St. Petersburg, Russia, 199034",1.00,
"Peter the Great Museum of Anthropology and Ethnography (Kunstkamera), Russian Academy of Science, St. Petersburg 199034, Russia",1.00,
"Peter the Great Museum of Anthropology and Ethnography (Kunstkamera), Russian Academy of Sciences, Saint Petersburg, Russian Federation",1.00,
"Peter the Great Museum of Anthropology and Ethnography (Kunstkamera), Russian Academy of Sciences, St. Petersburg 199034, Russia",1.00,
"Physical Anthropology Section, University of Philadelphia Museum of Archaeology and Anthropology, Philadelphia, 19104, Pennsylvania, USA",1.00,
"Poznań Science and Technology Park, Poznań, Poland",1.00,
"Praxis Genomics LLC, Atlanta, GA 30328, USA",0.00,
"PREMEDOC Research Group, Departament de Prehistòria, Arqueologia i Historia Antiga, Universitat de València, València, Spain",1.00,
"Present address: Department of Anthropology, University of California, Santa Cruz, CA 95064, USA",1.00,
"Present address: Department of Biomolecular Engineering, University of California, Santa Cruz, CA 95064, USA",0.00,
"Present address: Max Planck-Harvard Research Center for the Archaeoscience of the Ancient Mediterranean, Cambridge, MA 02138, USA",0.00,
"Prima Archeologia del Mediterraneo, Partanna, 91028, Italy",1.00,
"Private address, 81247 Munich, Germany",0.50,
"Private address, 86672 Thierhaupten, Germany",0.50,
"Programa de Genética Humana ICBM Facultad de Medicina Universidad de Chile, Santiago 8320000, Chile",0.00,
"Provincial Office for the Protection of Cultural Heritage, Zamość, Poland",1.00,
"PTE-MTA Human Reproduction Research Group, Pécs 7624, Hungary",0.00,
"Quaternary Archaeology, Institute for Oriental and European Archaeology, Austrian Academy of Sciences, 1010 Vienna, Austria",1.00,
"Radcliffe Institute for Advanced Study, Harvard University, Cambridge, MA 02138, USA",0.50,
"Radcliffe Institute, Cambridge, 02138, Massachusetts, USA",0.50,
"Rambam Health Care Campus, Haifa 31096, Israel",0.00,
"RCSI Molecular & Cellular Therapeutics, Royal College of Surgeons in Ireland, Dublin 2, Ireland",0.00,
"Regional Historical Museum Varna, Varna, BG-9000, Bulgaria",1.00,
"Regional History Museum, Veliko Tarnovo, Bulgaria",1.00,
"Regional Museum in Tomaszów Lubelski, Tomaszów Lubelski, Poland",1.00,
"Regional Museum of History Veliko Tarnovo, 5000 Veliko Tarnovo, Bulgaria",1.00,
"Regional Museum of History, 3000 Vratsa, Bulgaria",1.00,
"Regional Museum of History, 6300, Haskovo, Bulgaria",1.00,
"Regional Museum of History, 9700 Shumen, Bulgaria",1.00,
"Research Center for Anthropology and Health, Department of Life Science, University of Coimbra, Coimbra, Portugal",0.25,
"Research Center for the History and Culture of the Turkic Peoples, Gorno-Altaisk State University, Gorno-Altaisk, 649000, Russia",1.00,
"Research Centre for Medical Genetics, Moscow 115478, Russia",0.00,
"Research Centre for Medical Genetics, Moscow, 115478, Russia",0.00,
"Research Centre for Medical Genetics, Russian Academy of Medical Sciences, Moscow, Russia",0.00,
"Research Department of Genetics, Evolution and Environment, University College London, London, WC1E 6BT, UK",0.00,
"Research department of Genetics, Evolution and Environment, University College London, London, UK",0.00,
"Research Department, 23andMe, Mountain View, California 94043, USA",0.00,
"Research Fellow, Henry Stewart Group, Russell House, London WC1A 2HN, UK",0.50,examined the individual researcher's profile
"Research Institute and Museum of Anthropology, Lomonosov Moscow State University, Mokhovaya str. 11, Moscow, Russian Federation",1.00,
"Research Institute of Health, North-Eastern Federal University, Yakutsk 677000, Russia",0.00,
"Rippl-Rónai Municipal Museum with Country Scope, 7400 Kaposvár, Hungary",1.00,
"ROCEEH Research Center, Heidelberg Academy of Sciences and Humanities, University of Tübingen, Tübingen, 72070, Germany",1.00,
"Romano-Germanic Commission, German Archaeological Institute, Frankfurt am Main 60325, Germany",1.00,
"Romano-Germanic Commission, German Archaeological Institute, Frankfurt am Main, 60325, Germany",1.00,
"Römisch Germanische Kommission (RGK) Frankfurt, D-60325 Frankfurt, Germany",1.00,
"Römisch-Germanisches Zentralmuseum, Leibniz-Forschungsinstitut für Archäologie, Ernst-Ludwig-Platz 2, 55116 Mainz, Germany",1.00,
"Römisch-Germanisches Zentralmuseum, Mainz, Germany",1.00,
"Royal Belgian Institute of Natural Sciences, 1000 Brussels, Belgium",0.50,
"Russian-Armenian University, Yerevan, Armenia",0.00,
"Salisbury Ltd, Budaörs, 2040, Hungary",1.00,
"Samara State Academy of Social Science and Humanities, Samara, 443099, Russia",1.00,
"Samara State University of Social Sciences and Education, Samara 443099, Russia",0.75,
"Saryarka Archaeological Institute, Buketov Karaganda University, Karaganda, Kazakhstan",1.00,
"Satu Mare County Museum Archaeology Department, 440026, Satu Mare, Romania",1.00,
"School of Archaeological and Forensic Sciences, University of Bradford, Bradford, BD7 1DP, UK",1.00,
"School of Archaeology 34-36 Beaumont Street, Oxford, OX1 2PG, United Kingdom",1.00,
"School of Archaeology and Anthropology, The Australian National University, Canberra, ACT 2601, Australia",1.00,
"School of Archaeology and Earth Institute, Belfield, University College Dublin, Dublin 4, Ireland",1.00,
"School of Archaeology, University College Dublin, Belfield, Dublin 4, Ireland",1.00,
"School of Archaeology, University College Dublin, Dublin 4, Ireland",1.00,
"School of Biological Sciences, The University of Adelaide, Adelaide, SA 5005, Australia",0.00,
"School of Biological Sciences, The University of Adelaide, Adelaide, SA, 5005, Australia",0.00,
"School of Biological Sciences, University of Adelaide, Adelaide, Australia",0.00,
"School of Computer and Mathematical Sciences, University of Adelaide, Adelaide, South Australia, Australia",0.50,
"School of Cultural Heritage, Northwest University, Shanxi, 710069, China",1.00,
"School of Dentistry, University of Granada, Granada, Spain",0.25,
"School of Environmental Sciences, Geography, University of Hull, Hull, HU6 7RX, UK",0.50,
"School of History, Classics & Archaeology, Newcastle University, Newcastle upon Tyne, NE1 7RU, UK",1.00,
"School of History, Classics and Archaeology, University of Edinburgh, Edinburgh, EH8 9AG, UK",1.00,
"School of History, Newman Building, University College Dublin, Belfield, Dublin 4, Ireland",0.75,
"School of Natural and Built Environment, Queen’s University Belfast, Belfast BT7 1NN, Northern Ireland, UK",0.50,
"School of Natural Sciences and Psychology, Liverpool John Moores University, Liverpool, UK",0.25,
"Vavilov Institute for General Genetics, Russian Academy of Sciences, Moscow, Russia",0.00,
"Science for Life Laboratory, Uppsala University, Uppsala 752 36, Sweden",0.00,
"Scientific and Educational Center of Study on the Problem of Nature and Man, Chelyabinsk State University, Chelyabinsk 454021, Russia",0.75,
"Scientific Research Center “Baikal region”, Irkutsk State University; 1, K. Marx st., Irkutsk, 664003, Russian Federation",0.75,
"SciLifeLab, Uppsala and Stockholm, Sweden",0.00,
"Scottish Universities Environmental Research Centre, East Kilbride, G75 0QF, UK",0.50,
"Sealand Archaeology, Gl. Roesnaesvej 27, 4400 Kalundborg, Denmark",1.00,
"Section for Evolutionary Genomics, GLOBE Institute, University of Copenhagen, Copenhagen, Denmark",0.00,
"Senckenberg Centre for Human Evolution and Palaeoenvironment at the University of Tübingen, Tübingen, 72076, Germany",0.00,
"Senckenberg Centre for Human Evolution and Palaeoenvironment, University of Tübingen, 72070 Tübingen, Germany",0.00,
"Senckenberg Centre for Human Evolution and Palaeoenvironment, University of Tübingen, 72072 Tübingen, Germany",0.00,
"Senckenberg Centre for Human Evolution and Palaeoenvironment, University of Tübingen, Tübingen, Germany",0.00,
"Seoul National University, School of Biological Sciences, Seoul, Republic of Korea",0.00,
"SeqOmics Biotechnology Ltd., 6782 Mórahalom, Hungary",0.00,
"SERP, Departament d'Història i Arqueologia, Facultat de Geografia i Història, Universitat de Barcelona, Barcelona, Spain",1.00,
"Service Archéologie Sète Agglopôle Mediterranée, 34110 Frontignan, France",1.00,
"Service archéologique, Conseil Général de la Haute-Savoie, Annecy, 74000, France",1.00,
"Service départemental d’archéologie de Charente-Maritime, Saintes, France",1.00,
"Service Régional d'Archéologie de Franche-Comté, 25043 Besançon Cedex, France",1.00,
"Service Régional de l'Archéologie de Bourgogne-Franche-Comté, Besançon, 25043, Cedex, France",1.00,
"Servicio de Huellas Digitales Genéticas, School of Pharmacy and Biochemistry, Universidad de Buenos Aires, 1113 CABA, Argentina",0.00,
"Servicio de Investigaciones Arqueológicas y Prehistóricas de la Diputación de Castellón, Castelló de la Plana, Spain",1.00,
"Sezione di Scienze Preistoriche e Antropologiche, Dipartimento di Studi Umanistici, Università di Ferrara, 44100 Ferrara, Italy",1.00,
"Smurfit Institute of Genetics, Trinity College Dublin, Dublin 2, Ireland",0.00,
"Smurfit Institute of Genetics, Trinity College Dublin, Dublin, 2, Ireland",0.00,
"Smurfit Institute of Genetics, Trinity College Dublin, Dublin, Ireland",0.00,
"Soprintendenza Archeologia Belle Arti e Paesaggio per la Città Metropolitana di Bari, Via Pier l’Eremita, 25, 70122, Bari, Italy",1.00,
"Soprintendenza Archeologia belle arti e paesaggio per la città metropolitana di Cagliari e per le province di Oristano e Sud Sardegna, Cagliari, 9124, Italy",1.00,
"Soprintendenza Archeologia, Belle Arti e Paesaggio per la Città Metropolitana di Cagliari e le Province di Oristano e Sud Sardegna, Cagliari 09124, Italy",1.00,
"Soprintendenza Archeologia, Belle Arti e Paesaggio per la provincia di Cosenza, Cosenza, Italy",1.00,
"Soprintendenza del Mare, Palermo, 90133, Italy",1.00,
"Soprintendenza per i Beni Archeologici delle Marche, Via Birarelli 18, 60100, Ancona, Italy",1.00,
"Soprintendenza per i beni culturali e ambientali di Trapani, Trapani, 91100, Italy",1.00,
"South Ural State University, Chelyabinsk 454080, Russia",0.50,
"South Ural State University, Chelyabinsk, Russia",0.50,
"Spatial Analysis, Interpretation, and Exploration Laboratory, Washington University in St. Louis, St. Louis, MO 63112, USA",1.00,
"St. Cyril and Methodius University, 5000 Veliko Turnovo, Bulgaria",0.75,
"St. John’s College, University of Cambridge, Cambridge CB2 1TP, UK",0.50,
"State Collection for Anthropology and Palaeoanatomy, Bavarian Natural History Collections, 80333 Munich, Germany",1.00,
"State Office for Cultural Heritage Management Badem-Württemberg, 73728 Esslingen, Germany",1.00,
"State Office for Cultural Heritage Management Baden-Wuerttemberg, Konstanz, Germany",1.00,
"State Office for Cultural Heritage Management Baden-Württemberg, 78467 Konstanz, Germany",1.00,
"State Office for Cultural Heritage Management Baden-Württemberg, Osteology, D-78467 Konstanz, Germany",1.00,
"State Office for Cultural Heritage Management Baden-Württemberg, Osteology, Konstanz D-78467, Germany",1.00,
"State Office for Cultural Heritage Management Baden-Württemberg, Osteology, Konstanz, Germany",1.00,
"State Office for Heritage Management and Archaeology Saxony-Anhalt and State Heritage Museum, Halle 06114, Germany",1.00,
"State Office for Heritage Management and Archaeology Saxony-Anhalt and State Museum of Prehistory, D-06114 Halle, Germany",1.00,
"State Office for Heritage Management and Archaeology Saxony-Anhalt and State Museum of Prehistory, Halle, 06114, Germany",1.00,
"State Office for Heritage Management and Archaeology Saxony-Anhalt—State Museum of Prehistory, Halle (Saale), Germany",1.00,
"Szentágothai Research Center, University of Pécs, Pécs 7624, Hungary",0.50,
"Tårnby Gymnasium og HF, Kastrup, Denmark",0.50,
"Tbilisi State University, Tbilisi, Georgia",0.00,
"Teleorman County Museum, Alexandria, 140033, Romania",1.00,
"Terra Ltd., Letchik Zlobin St. 20, Voronezh, 394055, Russian Federation",1.00,
"The Archaeological Museum of Wrocław, Wrocław, 50-077, Poland",1.00,
"The BiG lab (Bioarchaeology and Genomics Laboratory), Department of Anthropology, Texas A&M University, College Station, USA",0.00,
"The City of Prague Museum, Kožná 1/475, Prague 1, CZ 110 00, Czech Republic",1.00,
"The Cultural Heritage Foundation, 72212, Västerås, Sweden",1.00,
"The Cultural Heritage Foundation, Västerås 722 12, Sweden",1.00,
"The Gibraltar National Museum, Gibraltar",1.00,
"The Holley Martlew Archaeological Foundation, The Hellenic Archaeological Foundation, Tivoli House, Tivoli Road, Cheltenham, GL50 2TD, UK",1.00,
"The Italian Academy for Advanced Studies in America, Columbia University, New York, 10027, New York, USA",1.00,
"The Municipal Museum in Čelákovice (formerly), Komenského 1646, Čelákovice, CZ 250 88, Czech Republic (private)",1.00,
"The National Museum of Denmark, Ny Vestergade 10, Copenhagen, Denmark",1.00,
"The Netherlands Institute for the Near East, Leiden RA-2300, the Netherlands",1.00,
"The SAXO Institute, University of Copenhagen, Copenhagen S, 2300, Denmark",1.00,
"The Saxo Institute, University of Copenhagen, Copenhagen, Denmark",1.00,
"The Viking Ship Museum, Vindeboder 12, Roskilde, Denmark",1.00,
"The Zinman Institute of Archaeology, University of Haifa, Haifa, 3498838, Israel",1.00,
"Trace and Environmental DNA (TrEnD) Laboratory, School of Molecular and Life Sciences, Curtin University, Perth, Australia",0.00,
"TRACES - UMR 5608, Université Toulouse Jean Jaurès, Maison de la Recherche, 31058 Toulouse Cedex 9, France",1.00,
"Translational Medicine and Neurogenetics, Institut de Génétique et de Biologie Moléculaire et Cellulaire, Illkirch 67404, France",0.00,
"TRÉBEDE, Patrimonio y Cultura SL, Torres de la Alameda, 28813, Spain",1.00,
"Tromsø University Museum, University of Tromsø-The Arctic University of Norway, Tromsø, Norway",0.75,
"Tyumen Scientific Centre SB RAS, Institute of the Problems of Northern Development, Tyumen 625003, Russia",0.75,
"Ulmer Museum, 89073 Ulm, Germany",1.00,
"UMR 5140 Archéologie des Sociétés Méditerranéennes (ASM), CNRS, Université Paul Valéry Montpellier 3, 34199 Montpellier, France",1.00,
"UMR 5199 De la Préhistoire à l'Actuel: Culture, Environnement et Anthropologie (PACEA), CNRS, Université de Bordeaux, 33615 Pessac Cedex, France",1.00,
"UMR 5199 PACEA, CNRS, Université de Bordeaux, 33615 Pessac, France",1.00,
"UMR 5199, Pacea, équipe A3P, Université de Bordeaux, Talence, 33400, France",1.00,
"UMR 5204 Laboratoire Edytem, Université Savoie Mont Blanc, Chambéry, 73376, France",0.50,
"UMR 5608 Travaux et Recherches Archéologiques sur les Cultures, les Espaces et les Sociétés (TRACES), CNRS, Université de Toulouse II, 31058 Toulouse, France",1.00,
"UMR 7044 Archéologie et Histoire ancienne: Méditerranée - Europe (ArcHiMèdE), CNRS, Université de Strasbourg, 67083 Strasbourg Cedex, France",1.00,
"UMR 7264 Cultures et Environnements Préhistoire, Antiquité, Moyen Âge (CEPAM), CNRS, Université Nice Sophia Antipolis, 06357 Nice Cedex 4, France",1.00,
"UMR 7268 ADES, CNRS, Aix-Marseille Univ, EFS, Faculté de médecine Nord, Marseille, 13015, France",0.00,
"UMR 8215 Trajectoires, CNRS, Université Paris 1 Pantheon Sorbonne, 92023 Nanterre, France",1.00,
"UNIARQ, Faculdade de Letras, Universidade de Lisboa, Lisboa, Portugal",0.75,
"UNIARQ, University of Lisbon, Lisbon, Portugal",0.50,
"Unitat d'Antropologia Física, Departament de Biologia Animal, Facultat de Biologia, Universitat de Barcelona, Barcelona, Spain",0.25,
"Univ. Lille, CNRS, Institut Pasteur de Lille, UMR 8199 - EGID, Lille, F-59000, France",0.00,
"UniversidadAutonoma Tomás Frías, Potosí, Bolivia",0.50,
"Universidade Aberta, Lisboa, 1269-001, Portugal",0.50,
"Università degli Studi di Bari 'Aldo Moro', 70125 Bari, Italy., Museo di ""Civiltà preclassiche della Murgia meridionale"", 72017 Ostuni, Italy",1.00,
"Università degli Studi di Palermo, Agrigento, 92100, Italy",0.50,
"Universitat de Barcelona-GRAMP/Museu Arqueològic de l'Esquerda, Roda de Ter, Spain",1.00,
"Universitat Rovira i Virgili (URV), Àrea de Prehistòria, 43002 Tarragona, Spain",1.00,
"Universität Tübingen, Mathematisch-Naturwissenschaftliche Fakultät, Tübingen, Germany",0.25,
"Université Côte d’Azur, CNRS, CEPAM-UMR, 7264 Nice, France",1.00,
"Université de Bordeaux, CNRS, PACEA-UMR, 5199 Pessac, France",1.00,
"Université de Bordeaux, CNRS, UMR 5199-PACEA, 33615 Pessac Cedex, France",1.00,
"Université de Paris, CNRS, Institut Jacques Monod, UMR 7592, 75205 Paris Cedex 13, France",0.00,
"Université de Rennes 1, CNRS, CReAAH-UMR, 6566 Rennes, France",1.00,
"Université de Strasbourg, CNRS, Archimède-UMR, 7044 Strasbourg, France",1.00,
"Université Paul-Valéry - Montpellier 3, UMR 5140 ASM, Montpellier, 34199, France",1.00,
"University of Bucharest, Faculty of Geology and Geophysics, Department of Geology, 01041 Bucharest, Romania",0.50,
"University of Burgundy, Dijon, 21000, France",0.50,
"University of Crete Medical School, 711 13 Herakleion, Crete, Greece",0.25,
"University of Gothenburg, Gothenburg, 405 30, Sweden",0.50,
"University of Pennsylvania Museum of Archaeology and Anthropology, Philadelphia, 19104, Pennsylvania, USA",1.00,
"University of Pennsylvania Museum of Archaeology and Anthropology, Philadelphia, PA 19104, USA",1.00,
"University of Santiago de Compostela, Santiago de Compostela, 15782, Spain",0.50,
"Usher Institute for Population Health Sciences and Informatics, University of Edinburgh, Edinburgh, EH8 9AG, UK",0.00,
"Vanuatu National Museum, Vanuatu Culture Centre, PO Box 184, Port Vila, Vanuatu",1.00,
"Varna Regional Historical Museum, Varna, Bulgaria",1.00,
"Vasile Pârvan Institute of Archaeology, Romanian Academy, Bucharest, 010667, Romania",1.00,
"Västergötlands museum, Stadsträdgården, Skara, Sweden",1.00,
"Vavilov Institute for General Genetics, Moscow 119991, Russia",0.00,
"Vendsyssel Historiske Museum, DK-9800 Hjørring, Denmark",1.00,
"Vesthimmerlands Museum, Søndergade 44, Aars, Denmark",1.00,
"Volga State Academy of Social Sciences and Humanities, Samara 443099, Russia",1.00,
"Wellcome Centre for Human Genetics, University of Oxford, Oxford OX3 7BN, UK",0.00,
"Wellcome Sanger Institute, Wellcome Genome Campus, Cambridge, UK",0.00,
"Wellcome Trust Centre for Human Genetics, University of Oxford, Oxford OX3 7BN, UK",0.00,
"Wessex Archaeology, Salisbury, SP4 6EB, UK",1.00,
"West Kazakhstan Regional Center for History and Archaeology, Uralsk 090000, Kazakhstan",1.00,
"Yambol Regional Historical Museum, Yambol, Bulgaria",1.00,
"Zoological Institute of Russian Academy of Sciences, Universitetskaya nab. 1, 199034, St. Petersburg, Russian Federation",0.00,
"Zoological Institute of the Russian Academy of Sciences, St Petersburg, 199034, Russia",0.00,
"Departament de Prehistòria, Arqueologia i Història Antiga, Universitat de València, València, Spain",1.00,
"Independent Researcher, Albuquerque, NM 87107, USA",0.50,
"Institute of Archaeology, University of Wrocław, Wrocław, 50-139, Poland",1.00,
"Institute of Biological Psychiatry, Mental Health Services, Copenhagen University Hospital, Roskilde, Denmark",0.25,
"Kostanay Regional University A. Baitursynov, Kostanay, Kazakhstan",0.50,
the Genographic Consortium,0.00,
"Móra Ferenc Museum, Szeged 6720, Hungary",1.00,
"Museu d'Arqueologia de Catalunya-Ullastret, Ullastret, Spain",1.00,
"Research Institute and Museum of Anthropology, Lomonosov Moscow State University, Mokhovaya str. 11, Moscow, Russian Federation",1.00,
"Section for Evolutionary Genomics, GLOBE Institute, University of Copenhagen, Copenhagen, Denmark",0.00,
"Terra Ltd., Letchik Zlobin St. 20, Voronezh, 394055, Russian Federation",1.00,
"ARC Centre of Excellence for Mathematical and Statistical Frontiers, School of Mathematical Sciences, The University of Adelaide, Adelaide, SA, 5005, Australia",0.00,
"Department of Anthropology, Hungarian Natural History Museum, Budapest, H-1083, Hungary",1.00,
"Department of Archaeogenetics, Max Planck Institute for the Science of Human History, Jena 07745, Germany",0.25,
"Department of Archaeology and Classical studies, Stockholm University, Stockholm 106 91, Sweden",1.00,
"Department of Human Evolutionary Biology, Harvard University, Cambridge, MA 02138, USA",0.00,
"Institut de Biologia Evolutiva (CSIC-UPF), Departament de Ciències Experimentals i de la Salut, Universitat Pompeu Fabra, Barcelona, 08003, Spain",0.00,
"Institute of Archaeology at Brno, Academy of Science of the Czech Republic, 69129 Dolní Vĕstonice, Czech Republic",1.00,
"Institute of Evolutionary Biology, CSIC-Universitat Pompeu Fabra, Barcelona, Spain",0.00,
"Key Laboratory of Vertebrate Evolution and Human Origins of Chinese Academy of Sciences, IVPP, CAS, Beijing 100049, China",0.00,
"School of Archaeology and Earth Institute, University College Dublin, Belfield, Dublin 4, Ireland",1.00,
"UMR 5199 PACEA, CNRS, Université de Bordeaux, 33615 Pessac, France",1.00,